date,cme_count_24h,earth_directed_cme_count_72h,max_cme_speed_72h,mean_cme_speed_72h,mean_cme_half_angle_72h,impact_count_24h,flare_count_24h,m_flare_count_72h,x_flare_count_72h,prior_day_max_kp,prior_3day_mean_kp,target_kp
2023-01-01,0.0,0.0,0.0,0.0,0.0,0.0,0.0,0.0,0.0,0.0,0.0,0.0
2023-01-02,1.0,0.0,395.0,395.0,22.0,0.0,0.0,0.0,0.0,0.0,0.0,0.0
2023-01-03,1.0,0.0,395.0,325.0,25.5,0.0,0.0,0.0,0.0,0.0,0.0,0.0
2023-01-04,4.0,1.0,1035.0,639.1666666666666,25.333333333333332,0.0,0.0,0.0,0.0,0.0,0.0,0.0
2023-01-05,3.0,1.0,1035.0,556.375,23.25,0.0,1.0,0.0,0.0,0.0,0.0,0.0
2023-01-06,3.0,1.0,1035.0,538.5,24.0,0.0,0.0,0.0,0.0,0.0,0.0,0.0
2023-01-07,7.0,0.0,892.0,395.46153846153845,21.76923076923077,0.0,1.0,0.0,1.0,0.0,0.0,0.0
2023-01-08,1.0,0.0,892.0,405.8181818181818,23.727272727272727,0.0,1.0,1.0,1.0,0.0,0.0,0.0
2023-01-09,3.0,0.0,892.0,381.6363636363636,22.363636363636363,0.0,4.0,5.0,1.0,0.0,0.0,0.0
2023-01-10,6.0,0.0,694.0,444.6,23.1,0.0,4.0,8.0,1.0,0.0,0.0,0.0
2023-01-11,7.0,0.0,1214.0,605.875,22.125,0.0,7.0,13.0,2.0,0.0,0.0,0.0
2023-01-12,5.0,0.0,1214.0,750.3888888888889,22.61111111111111,0.0,4.0,13.0,2.0,0.0,0.0,0.0
2023-01-13,4.0,0.0,1214.0,780.1875,23.9375,0.0,5.0,15.0,1.0,0.0,0.0,0.0
2023-01-14,3.0,0.0,1181.0,791.0833333333334,26.416666666666668,0.0,2.0,11.0,0.0,0.0,0.0,0.0
2023-01-15,2.0,0.0,1181.0,616.6666666666666,26.444444444444443,0.0,3.0,10.0,0.0,0.0,0.0,0.0
2023-01-16,4.0,2.0,1181.0,631.0,29.666666666666668,0.0,2.0,7.0,0.0,0.0,0.0,0.0
2023-01-17,1.0,2.0,1024.0,494.0,28.571428571428573,0.0,0.0,5.0,0.0,0.0,0.0,0.0
2023-01-18,3.0,2.0,1024.0,547.75,30.375,0.0,1.0,3.0,0.0,0.0,0.0,0.0
2023-01-19,4.0,0.0,906.0,615.875,26.75,0.0,2.0,2.0,0.0,0.0,0.0,0.0
2023-01-20,4.0,1.0,1052.0,679.9090909090909,26.727272727272727,0.0,3.0,5.0,0.0,0.0,0.0,0.0
2023-01-21,3.0,1.0,1052.0,682.9090909090909,26.454545454545453,0.0,1.0,4.0,0.0,0.0,0.0,0.0
2023-01-22,3.0,1.0,1052.0,610.6,22.8,0.0,0.0,3.0,0.0,0.0,0.0,0.0
2023-01-23,2.0,0.0,806.0,561.375,18.0,0.0,2.0,2.0,0.0,0.0,0.0,0.0
2023-01-24,3.0,0.0,717.0,472.5,14.0,0.0,0.0,2.0,0.0,0.0,0.0,0.0
2023-01-25,2.0,1.0,717.0,497.85714285714283,17.285714285714285,0.0,1.0,2.0,0.0,0.0,0.0,0.0
2023-01-26,3.0,1.0,931.0,557.75,23.375,0.0,3.0,3.0,0.0,0.0,0.0,0.0
2023-01-27,2.0,1.0,1016.0,716.2857142857143,29.0,0.0,1.0,4.0,0.0,0.0,0.0,0.0
2023-01-28,7.0,0.0,1016.0,661.0,23.916666666666668,0.0,0.0,4.0,0.0,0.0,0.0,0.0
2023-01-29,3.0,0.0,1016.0,576.5,22.166666666666668,0.0,0.0,1.0,0.0,0.0,0.0,0.0
2023-01-30,6.0,0.0,945.0,511.625,20.625,0.0,0.0,0.0,0.0,0.0,0.0,0.0
2023-01-31,7.0,0.0,820.0,473.1875,26.5,0.0,0.0,0.0,0.0,0.0,0.0,0.0
2023-02-01,3.0,0.0,820.0,499.5625,26.8125,0.0,0.0,0.0,0.0,0.0,0.0,0.0
2023-02-02,5.0,0.0,1077.0,560.6,30.466666666666665,0.0,0.0,0.0,0.0,0.0,0.0,0.0
2023-02-03,3.0,0.0,1193.0,697.0909090909091,25.636363636363637,0.0,0.0,0.0,0.0,0.0,0.0,0.0
2023-02-04,5.0,2.0,1261.0,720.6923076923077,28.46153846153846,0.0,0.0,0.0,0.0,0.0,0.0,0.0
2023-02-05,5.0,2.0,1261.0,685.2307692307693,23.23076923076923,0.0,0.0,0.0,0.0,0.0,0.0,0.0
2023-02-06,5.0,2.0,1261.0,651.5333333333333,23.133333333333333,0.0,1.0,0.0,0.0,0.0,0.0,0.0
2023-02-07,2.0,0.0,949.0,632.5833333333334,18.75,0.0,1.0,0.0,0.0,0.0,0.0,0.0
2023-02-08,2.0,1.0,1075.0,708.5555555555555,20.666666666666668,0.0,6.0,4.0,0.0,0.0,0.0,0.0
2023-02-09,3.0,2.0,1075.0,607.8571428571429,23.714285714285715,0.0,5.0,9.0,0.0,0.0,0.0,0.0
2023-02-10,5.0,2.0,1075.0,530.9,25.0,0.0,7.0,16.0,0.0,0.0,0.0,0.0
2023-02-11,4.0,1.0,826.0,458.9166666666667,27.0,0.0,5.0,17.0,0.0,0.0,0.0,0.0
2023-02-12,3.0,1.0,1888.0,639.1666666666666,27.666666666666668,0.0,8.0,19.0,1.0,0.0,0.0,0.0
2023-02-13,3.0,1.0,1888.0,697.6,28.6,0.0,4.0,16.0,1.0,0.0,0.0,0.0
2023-02-14,1.0,1.0,1888.0,835.5714285714286,26.857142857142858,0.0,2.0,13.0,1.0,0.0,0.0,0.0
2023-02-15,3.0,0.0,697.0,513.8571428571429,26.571428571428573,0.0,2.0,8.0,0.0,0.0,0.0,0.0
2023-02-16,2.0,1.0,671.0,521.5,28.333333333333332,0.0,5.0,8.0,0.0,0.0,0.0,0.0
2023-02-17,2.0,1.0,1577.0,612.2857142857143,31.142857142857142,0.0,3.0,7.0,0.0,0.0,0.0,0.0
2023-02-18,3.0,2.0,1577.0,807.8571428571429,33.142857142857146,0.0,1.0,5.0,1.0,0.0,0.0,0.0
2023-02-19,3.0,1.0,1577.0,857.75,33.375,0.0,0.0,1.0,1.0,0.0,0.0,0.0
2023-02-20,3.0,1.0,1487.0,714.0,34.44444444444444,0.0,0.0,0.0,1.0,0.0,0.0,0.0
2023-02-21,3.0,0.0,992.0,514.3333333333334,32.44444444444444,0.0,1.0,1.0,0.0,0.0,0.0,0.0
2023-02-22,6.0,1.0,800.0,430.25,32.5,0.0,3.0,4.0,0.0,0.0,0.0,0.0
2023-02-23,5.0,2.0,800.0,425.64285714285717,29.428571428571427,0.0,2.0,6.0,0.0,0.0,0.0,0.0
2023-02-24,1.0,3.0,800.0,457.9166666666667,29.333333333333332,0.0,3.0,8.0,0.0,0.0,0.0,7.0
2023-02-25,5.0,3.0,1276.0,600.0,29.272727272727273,0.0,2.0,7.0,0.0,0.0,0.0,7.0
2023-02-26,4.0,2.0,1276.0,686.7,29.4,0.0,2.0,7.0,0.0,0.0,0.0,7.0
2023-02-27,1.0,1.0,1276.0,674.4,30.5,0.0,0.0,4.0,0.0,0.0,0.0,0.0
2023-02-28,4.0,0.0,920.0,500.44444444444446,26.22222222222222,0.0,0.0,2.0,0.0,7.0,2.3333333333333335,0.0
2023-03-01,3.0,2.0,656.0,411.375,25.875,0.0,1.0,1.0,0.0,0.0,2.3333333333333335,0.0
2023-03-02,3.0,2.0,656.0,443.0,25.0,0.0,1.0,2.0,0.0,0.0,2.3333333333333335,0.0
2023-03-03,2.0,2.0,653.0,457.5,24.0,0.0,2.0,3.0,0.0,0.0,0.0,0.0
2023-03-04,6.0,0.0,700.0,470.0,25.363636363636363,0.0,2.0,3.0,1.0,0.0,0.0,0.0
2023-03-05,4.0,0.0,1576.0,677.4166666666666,24.333333333333332,0.0,3.0,5.0,1.0,0.0,0.0,0.0
2023-03-06,1.0,0.0,1576.0,697.9090909090909,26.636363636363637,0.0,4.0,8.0,1.0,0.0,0.0,0.0
2023-03-07,5.0,0.0,1576.0,759.4,26.9,0.0,3.0,10.0,0.0,0.0,0.0,0.0
2023-03-08,1.0,0.0,970.0,542.1428571428571,28.0,0.0,0.0,7.0,0.0,0.0,0.0,0.0
2023-03-09,3.0,0.0,1182.0,706.0,25.333333333333332,0.0,3.0,5.0,0.0,0.0,0.0,0.0
2023-03-10,6.0,0.0,1559.0,1072.0,26.7,0.0,1.0,2.0,0.0,0.0,0.0,0.0
2023-03-11,3.0,0.0,1559.0,1070.8333333333333,27.583333333333332,0.0,1.0,2.0,0.0,0.0,0.0,0.0
2023-03-12,3.0,1.0,1559.0,970.9166666666666,30.25,0.0,0.0,0.0,0.0,0.0,0.0,0.0
2023-03-13,2.0,1.0,1170.0,760.25,31.625,0.0,0.0,0.0,0.0,0.0,0.0,0.0
2023-03-14,2.0,1.0,2127.0,884.4285714285714,37.57142857142857,0.0,0.0,0.0,0.0,0.0,0.0,0.0
2023-03-15,5.0,0.0,2127.0,775.0,31.77777777777778,0.0,1.0,0.0,0.0,0.0,0.0,0.0
2023-03-16,2.0,0.0,2127.0,742.0,27.77777777777778,0.0,0.0,0.0,0.0,0.0,0.0,0.0
2023-03-17,0.0,0.0,663.0,543.0,23.0,0.0,0.0,0.0,0.0,0.0,0.0,0.0
2023-03-18,6.0,0.0,1017.0,588.625,26.125,0.0,2.0,1.0,0.0,0.0,0.0,0.0
2023-03-19,3.0,0.0,1017.0,577.4444444444445,31.88888888888889,0.0,0.0,1.0,0.0,0.0,0.0,0.0
2023-03-20,3.0,0.0,1017.0,529.6666666666666,33.916666666666664,0.0,0.0,1.0,0.0,0.0,0.0,7.0
2023-03-21,4.0,1.0,779.0,546.5,36.5,0.0,2.0,1.0,0.0,0.0,0.0,8.0
2023-03-22,2.0,1.0,779.0,544.1111111111111,33.22222222222222,0.0,0.0,1.0,0.0,0.0,0.0,8.0
2023-03-23,4.0,1.0,779.0,553.7,29.7,0.0,0.0,1.0,0.0,0.0,0.0,8.0
2023-03-24,0.0,0.0,608.0,481.3333333333333,28.166666666666668,0.0,0.0,0.0,0.0,7.0,2.3333333333333335,0.0
2023-03-25,0.0,0.0,587.0,449.75,29.5,0.0,0.0,0.0,0.0,8.0,5.0,0.0
2023-03-26,1.0,0.0,542.0,542.0,34.0,0.0,0.0,0.0,0.0,0.0,5.0,0.0
2023-03-27,3.0,0.0,542.0,482.0,22.75,0.0,1.0,0.0,0.0,0.0,2.6666666666666665,0.0
2023-03-28,3.0,1.0,757.0,499.7142857142857,22.142857142857142,0.0,0.0,0.0,0.0,0.0,0.0,0.0
2023-03-29,2.0,1.0,757.0,472.0,21.5,0.0,0.0,0.0,0.0,0.0,0.0,0.0
2023-03-30,2.0,1.0,757.0,457.57142857142856,25.0,0.0,3.0,2.0,1.0,0.0,0.0,0.0
2023-03-31,4.0,0.0,567.0,371.625,31.0,0.0,1.0,3.0,1.0,0.0,0.0,0.0
2023-04-01,4.0,1.0,819.0,422.0,34.8,0.0,0.0,3.0,1.0,0.0,0.0,0.0
2023-04-02,5.0,2.0,1011.0,545.9230769230769,36.07692307692308,0.0,1.0,1.0,0.0,0.0,0.0,0.0
2023-04-03,1.0,2.0,1011.0,632.2,34.4,0.0,0.0,0.0,0.0,0.0,0.0,0.0
2023-04-04,6.0,1.0,1011.0,597.5833333333334,25.666666666666668,0.0,0.0,0.0,0.0,0.0,0.0,0.0
2023-04-05,4.0,0.0,865.0,509.09090909090907,18.181818181818183,0.0,0.0,0.0,0.0,0.0,0.0,0.0
2023-04-06,1.0,0.0,865.0,496.8181818181818,19.363636363636363,0.0,0.0,0.0,0.0,0.0,0.0,0.0
2023-04-07,6.0,0.0,758.0,556.2727272727273,21.09090909090909,0.0,1.0,1.0,0.0,0.0,0.0,0.0
2023-04-08,10.0,0.0,758.0,549.5882352941177,25.88235294117647,0.0,0.0,1.0,0.0,0.0,0.0,0.0
2023-04-09,7.0,0.0,758.0,505.82608695652175,26.91304347826087,0.0,1.0,2.0,0.0,0.0,0.0,0.0
2023-04-10,4.0,1.0,717.0,497.5238095238095,29.238095238095237,0.0,0.0,1.0,0.0,0.0,0.0,0.0
2023-04-11,1.0,1.0,706.0,469.0833333333333,30.333333333333332,0.0,1.0,2.0,0.0,0.0,0.0,0.0
2023-04-12,5.0,1.0,706.0,478.2,23.8,0.0,1.0,2.0,0.0,0.0,0.0,0.0
2023-04-13,3.0,0.0,560.0,404.77777777777777,22.0,0.0,0.0,2.0,0.0,0.0,0.0,0.0
2023-04-14,3.0,0.0,560.0,376.3636363636364,20.727272727272727,0.0,0.0,1.0,0.0,0.0,0.0,0.0
2023-04-15,2.0,0.0,560.0,376.125,24.375,0.0,2.0,2.0,0.0,0.0,0.0,0.0
2023-04-16,7.0,2.0,1076.0,438.5,23.25,0.0,0.0,2.0,0.0,0.0,0.0,0.0
2023-04-17,5.0,4.0,1076.0,480.5,25.571428571428573,0.0,0.0,2.0,0.0,0.0,0.0,0.0
2023-04-18,3.0,5.0,1076.0,506.06666666666666,25.866666666666667,0.0,1.0,0.0,0.0,0.0,0.0,0.0
2023-04-19,0.0,3.0,784.0,511.625,26.875,0.0,0.0,0.0,0.0,0.0,0.0,0.0
2023-04-20,3.0,1.0,656.0,451.6666666666667,23.166666666666668,0.0,0.0,0.0,0.0,0.0,0.0,8.0
2023-04-21,3.0,0.0,681.0,413.1666666666667,25.333333333333332,0.0,0.0,0.0,0.0,0.0,0.0,8.0
2023-04-22,2.0,1.0,1204.0,560.875,27.25,0.0,1.0,1.0,0.0,0.0,0.0,8.0
2023-04-23,2.0,1.0,1204.0,608.5714285714286,28.285714285714285,0.0,0.0,1.0,0.0,0.0,0.0,8.0
2023-04-24,4.0,1.0,1204.0,569.375,24.875,0.0,0.0,1.0,0.0,8.0,2.6666666666666665,0.0
2023-04-25,2.0,0.0,583.0,437.75,24.75,0.0,0.0,0.0,0.0,8.0,5.333333333333333,0.0
2023-04-26,1.0,0.0,583.0,423.42857142857144,27.0,0.0,0.0,0.0,0.0,0.0,5.333333333333333,0.0
2023-04-27,5.0,0.0,875.0,511.375,30.125,0.0,0.0,0.0,0.0,0.0,2.6666666666666665,0.0
2023-04-28,5.0,0.0,875.0,505.8181818181818,30.272727272727273,0.0,2.0,1.0,0.0,0.0,0.0,0.0
2023-04-29,3.0,0.0,875.0,516.3076923076923,28.76923076923077,0.0,0.0,1.0,0.0,0.0,0.0,0.0
2023-04-30,3.0,0.0,774.0,490.90909090909093,29.181818181818183,0.0,0.0,1.0,0.0,0.0,0.0,0.0
2023-05-01,4.0,3.0,870.0,519.5,25.0,0.0,2.0,1.0,0.0,0.0,0.0,0.0
2023-05-02,8.0,3.0,974.0,572.0666666666667,26.4,0.0,4.0,3.0,0.0,0.0,0.0,0.0
2023-05-03,3.0,3.0,974.0,621.7333333333333,25.666666666666668,0.0,0.0,3.0,0.0,0.0,0.0,6.0
2023-05-04,3.0,0.0,974.0,606.4285714285714,27.5,0.0,5.0,7.0,0.0,0.0,0.0,6.0
2023-05-05,4.0,1.0,934.0,588.3,30.3,0.0,1.0,6.0,0.0,0.0,0.0,6.0
2023-05-06,5.0,2.0,955.0,525.6666666666666,32.0,0.0,3.0,8.0,0.0,0.0,0.0,0.0
2023-05-07,4.0,2.0,955.0,530.1538461538462,34.38461538461539,0.0,0.0,3.0,0.0,6.0,2.0,0.0
2023-05-08,1.0,1.0,955.0,502.8,36.1,0.0,2.0,4.0,0.0,0.0,2.0,0.0
2023-05-09,4.0,2.0,1494.0,559.7777777777778,39.44444444444444,0.0,1.0,3.0,0.0,0.0,2.0,0.0
2023-05-10,7.0,8.0,1651.0,624.0,30.0,0.0,8.0,8.0,0.0,0.0,0.0,0.0
2023-05-11,5.0,10.0,1651.0,609.875,27.625,0.0,1.0,7.0,0.0,0.0,0.0,0.0
2023-05-12,5.0,9.0,1651.0,555.4705882352941,26.235294117647058,0.0,2.0,8.0,0.0,0.0,0.0,0.0
2023-05-13,6.0,4.0,777.0,484.875,28.6875,0.0,1.0,3.0,0.0,0.0,0.0,0.0
2023-05-14,1.0,2.0,733.0,485.0,30.0,0.0,0.0,2.0,0.0,0.0,0.0,0.0
2023-05-15,1.0,1.0,733.0,478.0,26.875,0.0,0.0,0.0,0.0,0.0,0.0,0.0
2023-05-16,1.0,1.0,733.0,547.6666666666666,19.333333333333332,0.0,0.0,0.0,0.0,0.0,0.0,0.0
2023-05-17,6.0,1.0,1480.0,650.0,29.125,0.0,1.0,1.0,0.0,0.0,0.0,5.67
2023-05-18,8.0,1.0,1480.0,640.6666666666666,31.0,0.0,0.0,1.0,0.0,0.0,0.0,5.67
2023-05-19,4.0,0.0,1480.0,615.0,33.55555555555556,0.0,8.0,9.0,0.0,0.0,0.0,6.0
2023-05-20,4.0,1.0,836.0,536.875,30.75,0.0,5.0,13.0,0.0,0.0,0.0,6.0
2023-05-21,1.0,1.0,836.0,467.55555555555554,32.666666666666664,0.0,9.0,22.0,0.0,5.67,1.89,6.0
2023-05-22,4.0,1.0,557.0,419.1111111111111,26.22222222222222,0.0,1.0,15.0,0.0,5.67,3.78,0.0
2023-05-23,3.0,0.0,1452.0,534.125,29.375,0.0,1.0,11.0,0.0,6.0,5.78,0.0
2023-05-24,5.0,0.0,1452.0,533.1666666666666,27.416666666666668,0.0,1.0,3.0,0.0,0.0,3.89,0.0
2023-05-25,4.0,1.0,1452.0,633.0,25.5,0.0,2.0,4.0,0.0,0.0,2.0,0.0
2023-05-26,1.0,1.0,907.0,583.3,24.0,0.0,1.0,4.0,0.0,0.0,0.0,0.0
2023-05-27,8.0,1.0,1655.0,876.3076923076923,27.46153846153846,0.0,1.0,4.0,0.0,0.0,0.0,0.0
2023-05-28,3.0,0.0,1655.0,828.0,31.25,0.0,1.0,2.0,0.0,0.0,0.0,0.0
2023-05-29,2.0,1.0,1655.0,785.7692307692307,30.153846153846153,0.0,1.0,2.0,0.0,0.0,0.0,0.0
2023-05-30,1.0,2.0,778.0,487.6666666666667,26.5,0.0,0.0,1.0,0.0,0.0,0.0,0.0
2023-05-31,0.0,2.0,778.0,535.0,24.333333333333332,0.0,3.0,4.0,0.0,0.0,0.0,0.0
2023-06-01,2.0,3.0,778.0,463.0,22.666666666666668,0.0,4.0,7.0,0.0,0.0,0.0,0.0
2023-06-02,1.0,2.0,1662.0,757.6666666666666,27.666666666666668,0.0,1.0,7.0,0.0,0.0,0.0,0.0
2023-06-03,3.0,2.0,1662.0,686.6666666666666,23.666666666666668,0.0,1.0,5.0,0.0,0.0,0.0,0.0
2023-06-04,1.0,0.0,1662.0,824.2,21.4,0.0,0.0,1.0,0.0,0.0,0.0,0.0
2023-06-05,1.0,1.0,1240.0,630.2,20.4,0.0,0.0,1.0,0.0,0.0,0.0,0.0
2023-06-06,2.0,1.0,692.0,519.0,18.25,0.0,0.0,0.0,0.0,0.0,0.0,0.0
2023-06-07,3.0,1.0,692.0,442.6666666666667,23.166666666666668,0.0,0.0,0.0,0.0,0.0,0.0,0.0
2023-06-08,2.0,1.0,617.0,421.42857142857144,19.428571428571427,0.0,3.0,1.0,0.0,0.0,0.0,0.0
2023-06-09,2.0,2.0,617.0,401.85714285714283,20.714285714285715,0.0,0.0,1.0,0.0,0.0,0.0,0.0
2023-06-10,4.0,3.0,649.0,425.75,20.125,0.0,1.0,2.0,0.0,0.0,0.0,0.0
2023-06-11,0.0,2.0,649.0,403.3333333333333,21.833333333333332,0.0,0.0,1.0,0.0,0.0,0.0,0.0
2023-06-12,3.0,1.0,649.0,435.57142857142856,20.428571428571427,0.0,0.0,1.0,0.0,0.0,0.0,0.0
2023-06-13,1.0,0.0,647.0,477.75,22.0,0.0,0.0,0.0,0.0,0.0,0.0,6.33
2023-06-14,3.0,0.0,753.0,491.57142857142856,23.285714285714285,0.0,0.0,0.0,0.0,0.0,0.0,6.33
2023-06-15,6.0,0.0,753.0,527.4,19.2,0.0,0.0,0.0,0.0,0.0,0.0,6.33
2023-06-16,1.0,0.0,753.0,496.6,17.9,0.0,1.0,0.0,0.0,0.0,0.0,0.0
2023-06-17,4.0,0.0,977.0,499.8181818181818,20.181818181818183,0.0,3.0,3.0,0.0,6.33,2.11,0.0
2023-06-18,1.0,0.0,977.0,495.6666666666667,29.833333333333332,0.0,0.0,3.0,0.0,0.0,2.11,0.0
2023-06-19,5.0,2.0,1106.0,583.0,26.1,0.0,2.0,5.0,0.0,0.0,2.11,0.0
2023-06-20,2.0,2.0,1106.0,553.625,24.875,0.0,2.0,4.0,0.0,0.0,0.0,0.0
2023-06-21,4.0,3.0,1276.0,631.0909090909091,28.181818181818183,0.0,5.0,8.0,1.0,0.0,0.0,0.0
2023-06-22,2.0,1.0,1276.0,652.375,33.5,0.0,2.0,8.0,1.0,0.0,0.0,0.0
2023-06-23,2.0,1.0,1276.0,669.125,30.5,0.0,2.0,8.0,1.0,0.0,0.0,0.0
2023-06-24,1.0,0.0,773.0,586.4,26.2,0.0,0.0,4.0,0.0,0.0,0.0,0.0
2023-06-25,3.0,1.0,838.0,552.6666666666666,19.5,0.0,1.0,3.0,0.0,0.0,0.0,0.0
2023-06-26,2.0,1.0,838.0,601.1666666666666,23.833333333333332,0.0,0.0,1.0,0.0,0.0,0.0,0.0
2023-06-27,5.0,2.0,925.0,612.8,23.8,0.0,1.0,2.0,0.0,0.0,0.0,0.0
2023-06-28,2.0,1.0,925.0,595.1111111111111,27.666666666666668,0.0,2.0,2.0,0.0,0.0,0.0,0.0
2023-06-29,2.0,2.0,925.0,562.5555555555555,28.0,0.0,1.0,3.0,0.0,0.0,0.0,0.0
2023-06-30,1.0,1.0,771.0,493.2,27.2,0.0,1.0,3.0,0.0,0.0,0.0,0.0
2023-07-01,1.0,1.0,589.0,424.75,26.25,0.0,0.0,2.0,0.0,0.0,0.0,0.0
2023-07-02,0.0,0.0,589.0,453.0,22.0,0.0,1.0,2.0,0.0,0.0,0.0,0.0
2023-07-03,4.0,0.0,491.0,331.4,27.2,0.0,2.0,2.0,1.0,0.0,0.0,0.0
2023-07-04,2.0,0.0,491.0,344.3333333333333,28.0,0.0,2.0,3.0,1.0,0.0,0.0,0.0
2023-07-05,2.0,2.0,635.0,371.125,31.25,0.0,1.0,3.0,1.0,0.0,0.0,0.0
2023-07-06,0.0,2.0,635.0,407.25,36.0,0.0,1.0,3.0,0.0,0.0,0.0,0.0
2023-07-07,2.0,3.0,635.0,440.5,34.75,0.0,2.0,3.0,0.0,0.0,0.0,0.0
2023-07-08,4.0,1.0,549.0,425.6666666666667,27.0,0.0,1.0,3.0,0.0,0.0,0.0,0.0
2023-07-09,3.0,1.0,549.0,384.1111111111111,28.555555555555557,0.0,0.0,2.0,0.0,0.0,0.0,0.0
2023-07-10,5.0,0.0,549.0,369.6666666666667,29.916666666666668,0.0,0.0,1.0,0.0,0.0,0.0,0.0
2023-07-11,5.0,1.0,901.0,451.6923076923077,33.38461538461539,0.0,2.0,2.0,0.0,0.0,0.0,0.0
2023-07-12,4.0,2.0,1066.0,569.4285714285714,35.857142857142854,0.0,7.0,9.0,0.0,0.0,0.0,0.0
2023-07-13,2.0,3.0,1066.0,678.7272727272727,33.63636363636363,0.0,4.0,13.0,0.0,0.0,0.0,0.0
2023-07-14,3.0,2.0,1287.0,739.1111111111111,35.22222222222222,0.0,1.0,12.0,0.0,0.0,0.0,0.0
2023-07-15,8.0,4.0,1287.0,597.4615384615385,33.92307692307692,0.0,2.0,6.0,0.0,0.0,0.0,0.0
2023-07-16,6.0,3.0,1441.0,655.4117647058823,34.64705882352941,0.0,4.0,5.0,0.0,0.0,0.0,0.0
2023-07-17,5.0,4.0,1441.0,713.7368421052631,32.8421052631579,0.0,4.0,7.0,0.0,0.0,0.0,0.0
2023-07-18,5.0,1.0,1441.0,814.5,29.0625,0.0,3.0,9.0,0.0,0.0,0.0,0.0
2023-07-19,4.0,2.0,1397.0,870.6428571428571,27.785714285714285,0.0,4.0,10.0,0.0,0.0,0.0,0.0
2023-07-20,4.0,1.0,1388.0,757.0769230769231,25.0,0.0,2.0,9.0,0.0,0.0,0.0,0.0
2023-07-21,2.0,1.0,1388.0,851.2,27.6,0.0,0.0,6.0,0.0,0.0,0.0,0.0
2023-07-22,0.0,0.0,1378.0,774.6666666666666,29.5,0.0,0.0,2.0,0.0,0.0,0.0,0.0
2023-07-23,3.0,0.0,1378.0,760.6,33.6,0.0,2.0,2.0,0.0,0.0,0.0,0.0
2023-07-24,5.0,2.0,1028.0,617.125,32.625,0.0,1.0,2.0,0.0,0.0,0.0,0.0
2023-07-25,2.0,2.0,1411.0,753.3,34.7,0.0,0.0,2.0,0.0,0.0,0.0,0.0
2023-07-26,1.0,2.0,1411.0,799.0,36.75,0.0,2.0,2.0,0.0,0.0,0.0,0.0
2023-07-27,1.0,0.0,1411.0,836.0,33.0,0.0,4.0,6.0,0.0,0.0,0.0,0.0
2023-07-28,0.0,0.0,403.0,374.0,23.0,0.0,2.0,8.0,0.0,0.0,0.0,0.0
2023-07-29,3.0,0.0,2000.0,903.75,33.75,0.0,1.0,7.0,0.0,0.0,0.0,0.0
2023-07-30,2.0,1.0,2000.0,877.0,39.8,0.0,2.0,4.0,0.0,0.0,0.0,0.0
2023-07-31,1.0,1.0,2000.0,822.3333333333334,38.333333333333336,0.0,2.0,4.0,0.0,0.0,0.0,0.0
2023-08-01,0.0,1.0,589.0,554.6666666666666,35.0,0.0,1.0,4.0,0.0,0.0,0.0,0.0
2023-08-02,4.0,4.0,1369.0,709.4,28.6,0.0,9.0,11.0,0.0,0.0,0.0,6.67
2023-08-03,2.0,5.0,1369.0,680.0,30.666666666666668,0.0,5.0,14.0,0.0,0.0,0.0,6.67
2023-08-04,1.0,5.0,1369.0,641.4285714285714,31.428571428571427,0.0,1.0,14.0,0.0,0.0,0.0,6.67
2023-08-05,2.0,2.0,865.0,580.0,37.2,0.0,1.0,7.0,0.0,0.0,0.0,0.0
2023-08-06,2.0,1.0,1044.0,646.4,39.0,0.0,3.0,4.0,1.0,6.67,2.223333333333333,0.0
2023-08-07,2.0,1.0,1757.0,973.1666666666666,40.5,0.0,1.0,4.0,1.0,0.0,2.223333333333333,0.0
2023-08-08,5.0,0.0,1757.0,921.1111111111111,33.111111111111114,0.0,5.0,7.0,2.0,0.0,2.223333333333333,0.0
2023-08-09,1.0,0.0,1757.0,919.25,32.875,0.0,1.0,6.0,1.0,0.0,0.0,0.0
2023-08-10,2.0,0.0,1429.0,778.0,33.25,0.0,0.0,5.0,1.0,0.0,0.0,0.0
2023-08-11,3.0,0.0,1103.0,678.3333333333334,39.666666666666664,0.0,1.0,1.0,0.0,0.0,0.0,0.0
2023-08-12,2.0,0.0,1103.0,674.2857142857143,36.857142857142854,0.0,0.0,0.0,0.0,0.0,0.0,0.0
2023-08-13,2.0,0.0,751.0,507.57142857142856,32.57142857142857,0.0,1.0,1.0,0.0,0.0,0.0,0.0
2023-08-14,0.0,0.0,751.0,462.0,30.75,0.0,0.0,1.0,0.0,0.0,0.0,0.0
2023-08-15,1.0,0.0,441.0,335.3333333333333,28.666666666666668,0.0,1.0,1.0,0.0,0.0,0.0,0.0
2023-08-16,3.0,0.0,540.0,436.75,32.5,0.0,0.0,0.0,0.0,0.0,0.0,0.0
2023-08-17,3.0,2.0,667.0,447.7142857142857,26.0,0.0,0.0,0.0,0.0,0.0,0.0,0.0
2023-08-18,4.0,2.0,1052.0,612.7,27.2,0.0,3.0,0.0,0.0,0.0,0.0,0.0
2023-08-19,2.0,3.0,1052.0,616.4444444444445,24.555555555555557,0.0,3.0,0.0,0.0,0.0,0.0,0.0
2023-08-20,2.0,3.0,1052.0,650.75,28.625,0.0,0.0,0.0,0.0,0.0,0.0,0.0
2023-08-21,2.0,3.0,567.0,474.0,23.5,0.0,0.0,0.0,0.0,0.0,0.0,0.0
2023-08-22,1.0,2.0,567.0,448.2,20.2,0.0,2.0,0.0,0.0,0.0,0.0,0.0
2023-08-23,4.0,1.0,567.0,384.57142857142856,15.714285714285714,0.0,1.0,1.0,0.0,0.0,0.0,0.0
2023-08-24,3.0,2.0,679.0,429.75,22.375,0.0,0.0,1.0,0.0,0.0,0.0,0.0
2023-08-25,1.0,2.0,679.0,447.875,24.0,0.0,2.0,1.0,0.0,0.0,0.0,0.0
2023-08-26,3.0,1.0,679.0,526.1428571428571,25.714285714285715,0.0,3.0,1.0,0.0,0.0,0.0,0.0
2023-08-27,2.0,0.0,655.0,482.1666666666667,21.0,0.0,2.0,2.0,0.0,0.0,0.0,0.0
2023-08-28,2.0,0.0,734.0,531.5714285714286,25.285714285714285,0.0,0.0,2.0,0.0,0.0,0.0,0.0
2023-08-29,1.0,0.0,734.0,492.6,29.8,0.0,0.0,1.0,0.0,0.0,0.0,0.0
2023-08-30,1.0,0.0,734.0,513.75,33.75,0.0,0.0,0.0,0.0,0.0,0.0,0.0
2023-08-31,0.0,0.0,465.0,401.5,30.5,0.0,0.0,0.0,0.0,0.0,0.0,5.67
2023-09-01,3.0,2.0,731.0,654.5,30.25,0.0,1.0,0.0,0.0,0.0,0.0,5.67
2023-09-02,1.0,2.0,1142.0,823.75,34.5,0.0,3.0,1.0,0.0,0.0,0.0,5.67
2023-09-03,3.0,3.0,1142.0,811.1428571428571,30.571428571428573,0.0,1.0,2.0,0.0,0.0,0.0,0.0
2023-09-04,7.0,1.0,1334.0,756.0909090909091,29.818181818181817,0.0,6.0,4.0,0.0,5.67,1.89,0.0
2023-09-05,1.0,1.0,1334.0,704.2727272727273,27.181818181818183,0.0,1.0,3.0,0.0,0.0,1.89,0.0
2023-09-06,2.0,0.0,1334.0,749.8,32.9,0.0,3.0,5.0,0.0,0.0,1.89,0.0
2023-09-07,0.0,0.0,1081.0,902.0,42.0,0.0,0.0,3.0,0.0,0.0,0.0,0.0
2023-09-08,4.0,1.0,1081.0,705.5,37.166666666666664,0.0,1.0,4.0,0.0,0.0,0.0,0.0
2023-09-09,3.0,1.0,1642.0,697.8571428571429,31.857142857142858,0.0,0.0,1.0,0.0,0.0,0.0,5.67
2023-09-10,0.0,1.0,1642.0,697.8571428571429,31.857142857142858,0.0,0.0,1.0,0.0,0.0,0.0,5.67
2023-09-11,1.0,0.0,1642.0,853.75,29.5,0.0,0.0,0.0,0.0,0.0,0.0,5.67
2023-09-12,5.0,1.0,704.0,559.1666666666666,31.833333333333332,0.0,3.0,3.0,0.0,0.0,0.0,0.0
2023-09-13,2.0,1.0,1716.0,699.0,31.5,0.0,3.0,6.0,0.0,5.67,1.89,0.0
2023-09-14,2.0,2.0,1716.0,612.8888888888889,31.11111111111111,0.0,0.0,6.0,0.0,0.0,1.89,0.0
2023-09-15,2.0,2.0,1716.0,722.1666666666666,24.666666666666668,0.0,3.0,6.0,0.0,0.0,1.89,0.0
2023-09-16,2.0,3.0,915.0,493.0,27.666666666666668,0.0,1.0,4.0,0.0,0.0,0.0,6.67
2023-09-17,2.0,3.0,915.0,578.5,33.666666666666664,0.0,3.0,7.0,0.0,0.0,0.0,6.67
2023-09-18,2.0,2.0,663.0,502.0,38.166666666666664,0.0,0.0,4.0,0.0,0.0,0.0,6.67
2023-09-19,3.0,1.0,663.0,467.2857142857143,32.714285714285715,0.0,0.0,3.0,0.0,0.0,0.0,0.0
2023-09-20,4.0,1.0,663.0,444.55555555555554,29.555555555555557,0.0,4.0,3.0,0.0,6.67,2.223333333333333,0.0
2023-09-21,4.0,1.0,544.0,418.3636363636364,30.272727272727273,0.0,1.0,4.0,0.0,0.0,2.223333333333333,5.67
2023-09-22,2.0,1.0,544.0,444.3,33.3,0.0,1.0,5.0,0.0,0.0,2.223333333333333,5.67
2023-09-23,7.0,5.0,1508.0,593.0769230769231,27.846153846153847,0.0,4.0,6.0,0.0,0.0,0.0,5.67
2023-09-24,2.0,7.0,1508.0,659.2727272727273,23.272727272727273,0.0,1.0,6.0,0.0,0.0,0.0,5.67
2023-09-25,3.0,7.0,1508.0,710.1666666666666,23.416666666666668,0.0,2.0,7.0,0.0,5.67,1.89,0.0
2023-09-26,0.0,2.0,1099.0,691.8,27.8,0.0,0.0,3.0,0.0,5.67,3.78,0.0
2023-09-27,0.0,0.0,1099.0,744.0,34.666666666666664,0.0,0.0,2.0,0.0,0.0,3.78,0.0
2023-09-28,0.0,0.0,0.0,0.0,0.0,0.0,0.0,0.0,0.0,0.0,1.89,0.0
2023-09-29,5.0,0.0,507.0,451.8,16.2,0.0,1.0,1.0,0.0,0.0,0.0,0.0
2023-09-30,0.0,0.0,507.0,451.8,16.2,0.0,0.0,1.0,0.0,0.0,0.0,0.0
2023-10-01,2.0,1.0,507.0,430.14285714285717,18.857142857142858,0.0,2.0,2.0,0.0,0.0,0.0,0.0
2023-10-02,1.0,1.0,455.0,375.0,26.333333333333332,0.0,2.0,3.0,0.0,0.0,0.0,0.0
2023-10-03,0.0,1.0,455.0,375.0,26.333333333333332,0.0,2.0,4.0,0.0,0.0,0.0,0.0
2023-10-04,3.0,1.0,632.0,461.5,32.75,0.0,0.0,3.0,0.0,0.0,0.0,0.0
2023-10-05,2.0,1.0,727.0,526.8,33.0,0.0,0.0,1.0,0.0,0.0,0.0,0.0
2023-10-06,3.0,1.0,727.0,483.0,31.5,0.0,0.0,0.0,0.0,0.0,0.0,0.0
2023-10-07,1.0,0.0,754.0,524.1666666666666,32.0,0.0,0.0,0.0,0.0,0.0,0.0,0.0
2023-10-08,2.0,0.0,754.0,444.6666666666667,32.0,0.0,1.0,1.0,0.0,0.0,0.0,0.0
2023-10-09,2.0,0.0,754.0,459.4,35.4,0.0,0.0,1.0,0.0,0.0,0.0,0.0
2023-10-10,3.0,0.0,611.0,412.42857142857144,33.42857142857143,0.0,0.0,1.0,0.0,0.0,0.0,0.0
2023-10-11,3.0,0.0,1197.0,533.375,32.875,0.0,2.0,2.0,0.0,0.0,0.0,0.0
2023-10-12,2.0,0.0,1197.0,531.375,28.25,0.0,0.0,2.0,0.0,0.0,0.0,0.0
2023-10-13,4.0,1.0,1197.0,599.4444444444445,23.88888888888889,0.0,2.0,3.0,0.0,0.0,0.0,0.0
2023-10-14,1.0,1.0,888.0,525.2857142857143,20.142857142857142,0.0,0.0,1.0,0.0,0.0,0.0,0.0
2023-10-15,3.0,2.0,888.0,526.625,25.875,0.0,0.0,1.0,0.0,0.0,0.0,0.0
2023-10-16,1.0,2.0,538.0,403.6,31.0,0.0,0.0,0.0,0.0,0.0,0.0,0.0
2023-10-17,4.0,3.0,720.0,495.5,31.375,0.0,1.0,0.0,0.0,0.0,0.0,0.0
2023-10-18,1.0,3.0,720.0,507.5,30.333333333333332,0.0,1.0,0.0,0.0,0.0,0.0,0.0
2023-10-19,7.0,2.0,794.0,553.5833333333334,30.75,0.0,0.0,0.0,0.0,0.0,0.0,0.0
2023-10-20,3.0,1.0,794.0,592.3636363636364,32.54545454545455,0.0,0.0,0.0,0.0,0.0,0.0,0.0
2023-10-21,1.0,0.0,794.0,575.0,31.454545454545453,0.0,0.0,0.0,0.0,0.0,0.0,0.0
2023-10-22,2.0,0.0,785.0,590.0,25.333333333333332,0.0,0.0,0.0,0.0,0.0,0.0,0.0
2023-10-23,4.0,0.0,683.0,434.42857142857144,24.0,0.0,0.0,0.0,0.0,0.0,0.0,0.0
2023-10-24,3.0,0.0,709.0,502.44444444444446,28.88888888888889,0.0,0.0,0.0,0.0,0.0,0.0,0.0
2023-10-25,4.0,0.0,763.0,512.2727272727273,31.545454545454547,0.0,0.0,0.0,0.0,0.0,0.0,0.0
2023-10-26,2.0,0.0,763.0,560.1111111111111,32.111111111111114,0.0,2.0,0.0,0.0,0.0,0.0,0.0
2023-10-27,2.0,0.0,763.0,519.75,30.875,0.0,1.0,1.0,0.0,0.0,0.0,0.0
2023-10-28,1.0,0.0,1024.0,592.6,36.4,0.0,0.0,1.0,0.0,0.0,0.0,0.0
2023-10-29,0.0,0.0,1024.0,630.3333333333334,40.666666666666664,0.0,0.0,1.0,0.0,0.0,0.0,0.0
2023-10-30,1.0,0.0,1024.0,684.0,47.5,0.0,0.0,0.0,0.0,0.0,0.0,0.0
2023-10-31,0.0,0.0,344.0,344.0,43.0,0.0,0.0,0.0,0.0,0.0,0.0,0.0
2023-11-01,2.0,0.0,459.0,379.0,33.0,0.0,1.0,0.0,0.0,0.0,0.0,0.0
2023-11-02,5.0,0.0,785.0,524.2857142857143,30.0,0.0,2.0,2.0,0.0,0.0,0.0,7.0
2023-11-03,2.0,0.0,785.0,535.4444444444445,31.666666666666668,0.0,3.0,4.0,0.0,0.0,0.0,7.0
2023-11-04,4.0,2.0,874.0,577.0,32.27272727272727,0.0,1.0,4.0,0.0,0.0,0.0,7.0
2023-11-05,4.0,2.0,874.0,520.8,31.4,0.0,0.0,2.0,0.0,0.0,0.0,5.67
2023-11-06,3.0,2.0,874.0,510.27272727272725,29.0,0.0,2.0,2.0,0.0,7.0,2.3333333333333335,0.0
2023-11-07,1.0,0.0,735.0,485.875,28.625,0.0,0.0,2.0,0.0,5.67,4.223333333333334,0.0
2023-11-08,0.0,0.0,735.0,537.25,29.0,0.0,0.0,2.0,0.0,0.0,4.223333333333334,0.0
2023-11-09,1.0,0.0,871.0,733.0,35.0,0.0,0.0,0.0,0.0,0.0,1.89,0.0
2023-11-10,2.0,1.0,871.0,675.3333333333334,29.666666666666668,0.0,1.0,0.0,0.0,0.0,0.0,0.0
2023-11-11,0.0,1.0,871.0,675.3333333333334,29.666666666666668,0.0,0.0,0.0,0.0,0.0,0.0,0.0
2023-11-12,2.0,3.0,782.0,492.5,31.0,0.0,1.0,1.0,0.0,0.0,0.0,0.0
2023-11-13,2.0,2.0,454.0,365.5,31.5,0.0,0.0,1.0,0.0,0.0,0.0,0.0
2023-11-14,1.0,2.0,454.0,377.4,31.6,0.0,0.0,1.0,0.0,0.0,0.0,0.0
2023-11-15,4.0,0.0,582.0,438.57142857142856,21.428571428571427,0.0,2.0,1.0,0.0,0.0,0.0,0.0
2023-11-16,7.0,0.0,642.0,476.6666666666667,24.25,0.0,2.0,1.0,0.0,0.0,0.0,0.0
2023-11-17,3.0,2.0,723.0,487.7857142857143,24.071428571428573,0.0,1.0,1.0,0.0,0.0,0.0,0.0
2023-11-18,1.0,2.0,723.0,472.0,28.363636363636363,0.0,0.0,0.0,0.0,0.0,0.0,0.0
2023-11-19,3.0,2.0,723.0,400.85714285714283,27.285714285714285,0.0,3.0,3.0,0.0,0.0,0.0,0.0
2023-11-20,4.0,0.0,451.0,343.875,29.125,0.0,0.0,3.0,0.0,0.0,0.0,0.0
2023-11-21,3.0,0.0,717.0,406.6,27.8,0.0,1.0,4.0,0.0,0.0,0.0,0.0
2023-11-22,1.0,0.0,717.0,469.125,29.625,0.0,0.0,1.0,0.0,0.0,0.0,6.0
2023-11-23,3.0,0.0,717.0,555.5714285714286,29.428571428571427,0.0,1.0,1.0,0.0,0.0,0.0,6.0
2023-11-24,5.0,0.0,1215.0,728.4444444444445,34.111111111111114,0.0,2.0,2.0,0.0,0.0,0.0,6.0
2023-11-25,3.0,0.0,1215.0,709.9090909090909,32.0,0.0,1.0,3.0,0.0,0.0,0.0,0.0
2023-11-26,3.0,0.0,1215.0,648.0,29.181818181818183,0.0,0.0,3.0,0.0,6.0,2.0,0.0
2023-11-27,1.0,0.0,833.0,468.0,21.857142857142858,0.0,1.0,1.0,0.0,0.0,2.0,0.0
2023-11-28,1.0,0.0,556.0,396.2,22.0,0.0,2.0,0.0,0.0,0.0,2.0,7.0
2023-11-29,5.0,1.0,997.0,613.1428571428571,31.714285714285715,0.0,2.0,2.0,0.0,0.0,0.0,7.0
2023-11-30,3.0,4.0,997.0,656.5555555555555,34.888888888888886,0.0,0.0,2.0,0.0,0.0,0.0,7.0
2023-12-01,1.0,4.0,997.0,629.1111111111111,33.77777777777778,0.0,1.0,2.0,0.0,0.0,0.0,0.0
2023-12-02,5.0,3.0,910.0,574.8888888888889,27.555555555555557,0.0,4.0,2.0,0.0,7.0,2.3333333333333335,0.0
2023-12-03,2.0,1.0,656.0,518.125,27.0,0.0,0.0,2.0,0.0,0.0,2.3333333333333335,0.0
2023-12-04,3.0,1.0,656.0,548.0,27.3,0.0,0.0,2.0,0.0,0.0,2.3333333333333335,0.0
2023-12-05,0.0,1.0,656.0,544.6,31.8,0.0,0.0,0.0,0.0,0.0,0.0,0.0
2023-12-06,3.0,0.0,619.0,502.0,32.0,0.0,4.0,3.0,0.0,0.0,0.0,0.0
2023-12-07,3.0,1.0,810.0,499.6666666666667,29.833333333333332,0.0,2.0,5.0,0.0,0.0,0.0,0.0
2023-12-08,6.0,2.0,1257.0,579.4166666666666,32.916666666666664,0.0,0.0,5.0,0.0,0.0,0.0,0.0
2023-12-09,6.0,2.0,1257.0,584.9333333333333,34.0,0.0,1.0,3.0,0.0,0.0,0.0,0.0
2023-12-10,2.0,1.0,1257.0,605.6428571428571,35.642857142857146,0.0,2.0,3.0,0.0,0.0,0.0,0.0
2023-12-11,2.0,0.0,933.0,557.3,33.6,0.0,2.0,5.0,0.0,0.0,0.0,0.0
2023-12-12,0.0,0.0,933.0,596.0,28.5,0.0,1.0,4.0,0.0,0.0,0.0,0.0
2023-12-13,3.0,2.0,943.0,542.4,30.2,0.0,1.0,2.0,0.0,0.0,0.0,0.0
2023-12-14,2.0,3.0,943.0,595.0,32.2,0.0,0.0,0.0,0.0,0.0,0.0,0.0
2023-12-15,3.0,4.0,1081.0,657.125,32.5,0.0,3.0,2.0,1.0,0.0,0.0,6.0
2023-12-16,2.0,2.0,1101.0,738.5714285714286,31.857142857142858,0.0,2.0,4.0,1.0,0.0,0.0,6.0
2023-12-17,3.0,2.0,1101.0,623.5,29.375,0.0,1.0,4.0,1.0,0.0,0.0,6.0
2023-12-18,4.0,1.0,1101.0,474.6666666666667,25.444444444444443,0.0,1.0,3.0,0.0,0.0,0.0,0.0
2023-12-19,3.0,2.0,691.0,384.0,23.8,0.0,0.0,1.0,0.0,6.0,2.0,0.0
2023-12-20,1.0,1.0,691.0,371.0,22.75,0.0,0.0,1.0,0.0,0.0,2.0,0.0
2023-12-21,2.0,1.0,584.0,386.1666666666667,23.833333333333332,0.0,1.0,0.0,0.0,0.0,2.0,0.0
2023-12-22,1.0,0.0,634.0,451.75,25.75,0.0,2.0,2.0,0.0,0.0,0.0,0.0
2023-12-23,6.0,1.0,634.0,518.0,21.88888888888889,0.0,2.0,2.0,0.0,0.0,0.0,0.0
2023-12-24,1.0,1.0,634.0,517.625,19.5,0.0,0.0,2.0,0.0,0.0,0.0,0.0
2023-12-25,3.0,1.0,790.0,532.9,20.6,0.0,3.0,3.0,0.0,0.0,0.0,0.0
2023-12-26,4.0,1.0,790.0,518.125,30.5,0.0,0.0,3.0,0.0,0.0,0.0,0.0
2023-12-27,2.0,2.0,790.0,525.6666666666666,28.444444444444443,0.0,0.0,3.0,0.0,0.0,0.0,0.0
2023-12-28,5.0,2.0,766.0,514.5454545454545,27.363636363636363,0.0,0.0,0.0,0.0,0.0,0.0,0.0
2023-12-29,1.0,1.0,646.0,527.25,21.625,0.0,0.0,0.0,0.0,0.0,0.0,0.0
2023-12-30,3.0,0.0,909.0,579.8888888888889,30.11111111111111,0.0,0.0,0.0,0.0,0.0,0.0,0.0
2023-12-31,2.0,0.0,909.0,580.1666666666666,33.0,0.0,0.0,0.0,0.0,0.0,0.0,0.0
2024-01-01,5.0,0.0,2184.0,735.5,33.0,0.0,2.0,1.0,1.0,0.0,0.0,0.0
2024-01-02,1.0,0.0,2184.0,728.25,29.375,0.0,2.0,3.0,1.0,0.0,0.0,0.0
2024-01-03,1.0,0.0,2184.0,775.7142857142857,31.857142857142858,0.0,1.0,4.0,1.0,0.0,0.0,0.0
2024-01-04,3.0,0.0,617.0,430.0,31.0,0.0,0.0,3.0,0.0,0.0,0.0,0.0
2024-01-05,3.0,0.0,893.0,529.4285714285714,32.42857142857143,0.0,2.0,3.0,0.0,0.0,0.0,0.0
2024-01-06,6.0,1.0,893.0,466.4166666666667,25.0,0.0,0.0,2.0,0.0,0.0,0.0,0.0
2024-01-07,2.0,2.0,893.0,541.0,21.818181818181817,0.0,4.0,2.0,0.0,0.0,0.0,0.0
2024-01-08,2.0,3.0,729.0,475.3,19.9,0.0,0.0,0.0,0.0,0.0,0.0,0.0
2024-01-09,1.0,2.0,729.0,563.2,23.4,0.0,0.0,0.0,0.0,0.0,0.0,0.0
2024-01-10,5.0,1.0,674.0,491.875,32.375,0.0,0.0,0.0,0.0,0.0,0.0,0.0
2024-01-11,4.0,0.0,674.0,471.5,31.9,0.0,4.0,2.0,0.0,0.0,0.0,0.0
2024-01-12,5.0,0.0,981.0,520.4285714285714,31.571428571428573,0.0,4.0,5.0,0.0,0.0,0.0,0.0
2024-01-13,1.0,0.0,981.0,519.2,29.2,0.0,1.0,6.0,0.0,0.0,0.0,0.0
2024-01-14,4.0,0.0,981.0,620.6,27.6,0.0,0.0,4.0,0.0,0.0,0.0,0.0
2024-01-15,1.0,0.0,948.0,668.6666666666666,26.5,0.0,1.0,1.0,0.0,0.0,0.0,0.0
2024-01-16,2.0,0.0,948.0,688.2857142857143,30.0,0.0,0.0,0.0,0.0,0.0,0.0,0.0
2024-01-17,1.0,0.0,948.0,653.5,35.5,0.0,0.0,0.0,0.0,0.0,0.0,0.0
2024-01-18,2.0,0.0,639.0,506.4,32.0,0.0,1.0,0.0,0.0,0.0,0.0,0.0
2024-01-19,1.0,0.0,772.0,509.5,29.5,0.0,0.0,0.0,0.0,0.0,0.0,0.0
2024-01-20,0.0,0.0,772.0,546.0,27.666666666666668,0.0,0.0,0.0,0.0,0.0,0.0,0.0
2024-01-21,4.0,2.0,1088.0,752.6,38.0,0.0,1.0,0.0,0.0,0.0,0.0,0.0
2024-01-22,3.0,5.0,1180.0,899.4285714285714,35.57142857142857,0.0,2.0,0.0,0.0,0.0,0.0,0.0
2024-01-23,5.0,5.0,1180.0,723.5,33.916666666666664,0.0,7.0,7.0,0.0,0.0,0.0,0.0
2024-01-24,10.0,6.0,1180.0,675.5555555555555,32.333333333333336,0.0,12.0,17.0,0.0,0.0,0.0,0.0
2024-01-25,4.0,3.0,1137.0,581.1578947368421,31.36842105263158,0.0,6.0,21.0,0.0,0.0,0.0,0.0
2024-01-26,2.0,3.0,1137.0,585.0625,30.4375,0.0,0.0,14.0,0.0,0.0,0.0,0.0
2024-01-27,2.0,0.0,619.0,451.25,24.875,0.0,0.0,4.0,0.0,0.0,0.0,0.0
2024-01-28,4.0,0.0,534.0,393.625,30.75,0.0,0.0,0.0,0.0,0.0,0.0,0.0
2024-01-29,4.0,0.0,1197.0,492.8,33.3,0.0,1.0,0.0,0.0,0.0,0.0,0.0
2024-01-30,7.0,0.0,1481.0,673.0666666666667,34.733333333333334,0.0,2.0,2.0,0.0,0.0,0.0,0.0
2024-01-31,4.0,0.0,1481.0,736.1333333333333,32.8,0.0,1.0,2.0,0.0,0.0,0.0,0.0
2024-02-01,7.0,0.0,1481.0,706.8888888888889,29.27777777777778,0.0,0.0,2.0,0.0,0.0,0.0,0.0
2024-02-02,5.0,2.0,1306.0,656.5,27.8125,0.0,2.0,0.0,0.0,0.0,0.0,0.0
2024-02-03,8.0,2.0,1815.0,686.6,29.55,0.0,4.0,1.0,0.0,0.0,0.0,0.0
2024-02-04,1.0,2.0,1815.0,777.2857142857143,30.857142857142858,0.0,0.0,1.0,0.0,0.0,0.0,0.0
2024-02-05,0.0,0.0,1815.0,801.7777777777778,30.77777777777778,0.0,7.0,8.0,0.0,0.0,0.0,0.0
2024-02-06,1.0,0.0,1316.0,1049.0,30.0,0.0,2.0,9.0,0.0,0.0,0.0,0.0
2024-02-07,5.0,0.0,1479.0,875.8333333333334,42.166666666666664,0.0,3.0,12.0,0.0,0.0,0.0,0.0
2024-02-08,2.0,0.0,1479.0,946.125,42.75,0.0,2.0,7.0,0.0,0.0,0.0,0.0
2024-02-09,4.0,0.0,1479.0,872.0,33.0,0.0,6.0,10.0,0.0,0.0,0.0,0.0
2024-02-10,7.0,0.0,2534.0,1002.5384615384615,32.23076923076923,0.0,3.0,9.0,1.0,0.0,0.0,0.0
2024-02-11,4.0,0.0,2534.0,978.9333333333333,33.0,0.0,3.0,10.0,1.0,0.0,0.0,0.0
2024-02-12,6.0,3.0,2534.0,934.2352941176471,35.705882352941174,0.0,1.0,6.0,1.0,0.0,0.0,0.0
2024-02-13,6.0,3.0,3529.0,1065.3125,35.4375,0.0,4.0,8.0,0.0,0.0,0.0,0.0
2024-02-14,3.0,3.0,3529.0,1066.0666666666666,34.86666666666667,0.0,1.0,5.0,0.0,0.0,0.0,0.0
2024-02-15,4.0,0.0,3529.0,1332.6153846153845,36.38461538461539,0.0,2.0,6.0,0.0,0.0,0.0,0.0
2024-02-16,3.0,0.0,2544.0,1085.2,35.2,0.0,1.0,3.0,0.0,0.0,0.0,0.0
2024-02-17,6.0,0.0,2544.0,947.0,35.46153846153846,0.0,3.0,4.0,1.0,0.0,0.0,0.0
2024-02-18,2.0,0.0,1953.0,908.5454545454545,38.09090909090909,0.0,0.0,2.0,1.0,0.0,0.0,0.0
2024-02-19,3.0,0.0,1646.0,946.0,38.90909090909091,0.0,0.0,1.0,1.0,0.0,0.0,0.0
2024-02-20,1.0,0.0,1646.0,1063.3333333333333,38.5,0.0,1.0,0.0,0.0,0.0,0.0,0.0
2024-02-21,2.0,0.0,1193.0,732.0,36.5,0.0,0.0,0.0,0.0,0.0,0.0,0.0
2024-02-22,4.0,0.0,1116.0,746.2857142857143,34.57142857142857,0.0,3.0,1.0,1.0,0.0,0.0,0.0
2024-02-23,3.0,1.0,1151.0,802.8888888888889,33.0,0.0,4.0,2.0,3.0,0.0,0.0,0.0
2024-02-24,0.0,1.0,1151.0,885.0,31.428571428571427,0.0,4.0,6.0,3.0,0.0,0.0,0.0
2024-02-25,0.0,1.0,1151.0,782.0,29.333333333333332,0.0,4.0,9.0,2.0,0.0,0.0,0.0
2024-02-26,3.0,0.0,580.0,503.6666666666667,32.0,0.0,1.0,9.0,0.0,0.0,0.0,0.0
2024-02-27,0.0,0.0,580.0,503.6666666666667,32.0,0.0,0.0,5.0,0.0,0.0,0.0,0.0
2024-02-28,1.0,0.0,580.0,485.25,30.75,0.0,0.0,1.0,0.0,0.0,0.0,0.0
2024-02-29,4.0,1.0,867.0,531.2,33.2,0.0,2.0,1.0,0.0,0.0,0.0,5.67
2024-03-01,2.0,1.0,867.0,536.7142857142857,32.0,0.0,0.0,1.0,0.0,0.0,0.0,5.67
2024-03-02,1.0,1.0,867.0,554.1428571428571,30.0,0.0,0.0,1.0,0.0,0.0,0.0,5.67
2024-03-03,1.0,0.0,779.0,479.0,27.75,0.0,0.0,0.0,0.0,0.0,0.0,0.0
2024-03-04,2.0,0.0,767.0,527.25,25.25,0.0,0.0,0.0,0.0,5.67,1.89,0.0
2024-03-05,5.0,0.0,767.0,443.125,28.5,0.0,0.0,0.0,0.0,0.0,1.89,0.0
2024-03-06,1.0,0.0,767.0,474.125,25.75,0.0,0.0,0.0,0.0,0.0,1.89,0.0
2024-03-07,4.0,0.0,848.0,463.6,30.4,0.0,0.0,0.0,0.0,0.0,0.0,0.0
2024-03-08,2.0,1.0,848.0,474.14285714285717,31.285714285714285,0.0,1.0,0.0,0.0,0.0,0.0,0.0
2024-03-09,4.0,1.0,848.0,520.8,33.8,0.0,1.0,1.0,0.0,0.0,0.0,0.0
2024-03-10,1.0,1.0,687.0,510.7142857142857,32.42857142857143,0.0,0.0,1.0,0.0,0.0,0.0,0.0
2024-03-11,7.0,1.0,1277.0,596.8333333333334,33.916666666666664,0.0,1.0,2.0,0.0,0.0,0.0,0.0
2024-03-12,4.0,3.0,1277.0,613.0833333333334,31.25,0.0,0.0,1.0,0.0,0.0,0.0,0.0
2024-03-13,1.0,3.0,1277.0,626.1666666666666,29.916666666666668,0.0,1.0,1.0,0.0,0.0,0.0,0.0
2024-03-14,2.0,2.0,1010.0,611.1428571428571,27.714285714285715,0.0,0.0,0.0,0.0,0.0,0.0,0.0
2024-03-15,2.0,0.0,848.0,671.6,26.8,0.0,1.0,1.0,0.0,0.0,0.0,0.0
2024-03-16,5.0,0.0,1208.0,806.1111111111111,35.22222222222222,0.0,2.0,1.0,0.0,0.0,0.0,0.0
2024-03-17,1.0,0.0,1208.0,825.125,35.0,0.0,2.0,3.0,0.0,0.0,0.0,0.0
2024-03-18,5.0,0.0,1208.0,651.1818181818181,36.81818181818182,0.0,0.0,2.0,0.0,0.0,0.0,0.0
2024-03-19,2.0,0.0,558.0,412.375,31.25,0.0,3.0,5.0,0.0,0.0,0.0,0.0
2024-03-20,1.0,0.0,558.0,422.0,30.125,0.0,2.0,5.0,0.0,0.0,0.0,0.0
2024-03-21,1.0,0.0,445.0,386.5,24.5,0.0,2.0,7.0,0.0,0.0,0.0,8.0
2024-03-22,2.0,1.0,777.0,498.75,28.5,0.0,0.0,4.0,0.0,0.0,0.0,8.0
2024-03-23,4.0,1.0,777.0,436.14285714285717,29.714285714285715,0.0,2.0,3.0,0.0,0.0,0.0,8.0
2024-03-24,6.0,4.0,1613.0,745.25,31.583333333333332,0.0,14.0,14.0,1.0,0.0,0.0,0.0
2024-03-25,2.0,3.0,1613.0,711.75,32.0,0.0,10.0,23.0,1.0,8.0,2.6666666666666665,0.0
2024-03-26,1.0,3.0,1613.0,834.7777777777778,33.666666666666664,0.0,2.0,23.0,1.0,0.0,2.6666666666666665,0.0
2024-03-27,1.0,0.0,479.0,423.75,30.25,0.0,6.0,16.0,0.0,0.0,2.6666666666666665,0.0
2024-03-28,2.0,0.0,518.0,415.0,35.25,0.0,2.0,9.0,0.0,0.0,0.0,0.0
2024-03-29,0.0,0.0,518.0,395.0,34.666666666666664,0.0,5.0,12.0,1.0,0.0,0.0,0.0
2024-03-30,1.0,0.0,518.0,332.0,43.333333333333336,0.0,3.0,9.0,1.0,0.0,0.0,0.0
2024-03-31,0.0,0.0,290.0,290.0,42.0,0.0,2.0,9.0,1.0,0.0,0.0,0.0
2024-04-01,3.0,0.0,640.0,386.5,30.0,0.0,0.0,5.0,0.0,0.0,0.0,0.0
2024-04-02,3.0,0.0,660.0,467.0,25.833333333333332,0.0,1.0,3.0,0.0,0.0,0.0,0.0
2024-04-03,0.0,0.0,660.0,467.0,25.833333333333332,0.0,0.0,1.0,0.0,0.0,0.0,0.0
2024-04-04,5.0,0.0,660.0,514.875,30.25,0.0,0.0,1.0,0.0,0.0,0.0,0.0
2024-04-05,8.0,0.0,888.0,610.7692307692307,30.923076923076923,0.0,0.0,0.0,0.0,0.0,0.0,0.0
2024-04-06,4.0,0.0,1036.0,643.1176470588235,29.176470588235293,0.0,0.0,0.0,0.0,0.0,0.0,0.0
2024-04-07,0.0,0.0,1036.0,696.6666666666666,27.583333333333332,0.0,0.0,0.0,0.0,0.0,0.0,0.0
2024-04-08,2.0,0.0,1036.0,575.5,24.666666666666668,0.0,0.0,0.0,0.0,0.0,0.0,0.0
2024-04-09,0.0,0.0,230.0,230.0,27.0,0.0,0.0,0.0,0.0,0.0,0.0,0.0
2024-04-10,0.0,0.0,230.0,230.0,27.0,0.0,0.0,0.0,0.0,0.0,0.0,0.0
2024-04-11,3.0,0.0,1087.0,907.3333333333334,17.0,0.0,0.0,0.0,0.0,0.0,0.0,0.0
2024-04-12,6.0,1.0,1688.0,1102.111111111111,16.0,0.0,1.0,1.0,0.0,0.0,0.0,0.0
2024-04-13,4.0,2.0,1688.0,945.3846153846154,19.615384615384617,0.0,1.0,1.0,0.0,0.0,0.0,0.0
2024-04-14,4.0,2.0,1688.0,898.0714285714286,17.785714285714285,0.0,3.0,2.0,0.0,0.0,0.0,0.0
2024-04-15,5.0,2.0,884.0,635.0769230769231,24.615384615384617,0.0,2.0,2.0,0.0,0.0,0.0,0.0
2024-04-16,1.0,2.0,884.0,660.9,24.5,0.0,9.0,10.0,0.0,0.0,0.0,7.0
2024-04-17,2.0,2.0,867.0,663.5,31.0,0.0,1.0,10.0,0.0,0.0,0.0,7.0
2024-04-18,4.0,1.0,867.0,609.2857142857143,26.571428571428573,0.0,3.0,10.0,0.0,0.0,0.0,7.0
2024-04-19,4.0,2.0,867.0,511.2,24.7,0.0,3.0,5.0,0.0,0.0,0.0,0.0
2024-04-20,3.0,2.0,567.0,408.72727272727275,27.363636363636363,0.0,2.0,6.0,0.0,7.0,2.3333333333333335,0.0
2024-04-21,3.0,3.0,836.0,453.1,25.6,0.0,1.0,5.0,0.0,0.0,2.3333333333333335,0.0
2024-04-22,7.0,1.0,836.0,497.2307692307692,23.53846153846154,0.0,6.0,5.0,0.0,0.0,2.3333333333333335,0.0
2024-04-23,5.0,1.0,925.0,588.6666666666666,22.466666666666665,0.0,10.0,11.0,0.0,0.0,0.0,0.0
2024-04-24,14.0,2.0,931.0,554.6153846153846,23.46153846153846,0.0,4.0,15.0,0.0,0.0,0.0,0.0
2024-04-25,3.0,2.0,931.0,572.3636363636364,25.136363636363637,0.0,7.0,18.0,0.0,0.0,0.0,0.0
2024-04-26,2.0,2.0,1098.0,557.1052631578947,25.789473684210527,0.0,5.0,15.0,0.0,0.0,0.0,0.0
2024-04-27,3.0,0.0,1098.0,531.875,32.75,0.0,0.0,11.0,0.0,0.0,0.0,0.0
2024-04-28,1.0,0.0,1098.0,508.0,35.833333333333336,0.0,2.0,7.0,0.0,0.0,0.0,0.0
2024-04-29,3.0,0.0,738.0,506.57142857142856,32.714285714285715,0.0,0.0,2.0,0.0,0.0,0.0,6.67
2024-04-30,1.0,0.0,738.0,551.0,33.0,0.0,2.0,4.0,0.0,0.0,0.0,6.67
2024-05-01,5.0,0.0,738.0,445.0,26.555555555555557,0.0,4.0,6.0,0.0,0.0,0.0,6.67
2024-05-02,3.0,0.0,861.0,476.0,29.666666666666668,0.0,4.0,9.0,0.0,0.0,0.0,0.0
2024-05-03,4.0,0.0,861.0,495.8333333333333,26.083333333333332,0.0,2.0,9.0,0.0,6.67,2.223333333333333,0.0
2024-05-04,4.0,2.0,972.0,669.8181818181819,26.545454545454547,0.0,6.0,10.0,1.0,0.0,2.223333333333333,0.0
2024-05-05,5.0,5.0,972.0,628.3846153846154,21.615384615384617,0.0,6.0,13.0,1.0,0.0,2.223333333333333,0.0
2024-05-06,6.0,7.0,972.0,602.2666666666667,20.6,0.0,12.0,20.0,3.0,0.0,0.0,0.0
2024-05-07,2.0,5.0,804.0,519.3076923076923,19.923076923076923,0.0,6.0,20.0,3.0,0.0,0.0,8.67
2024-05-08,4.0,3.0,642.0,465.6666666666667,21.5,0.0,14.0,28.0,3.0,0.0,0.0,9.0
2024-05-09,7.0,8.0,1156.0,589.4615384615385,30.692307692307693,0.0,18.0,34.0,4.0,0.0,0.0,9.0
2024-05-10,6.0,14.0,1561.0,836.3529411764706,36.294117647058826,0.0,20.0,47.0,5.0,0.0,0.0,9.0
2024-05-11,3.0,15.0,1561.0,933.625,40.25,0.0,15.0,47.0,6.0,8.67,2.89,7.33
2024-05-12,6.0,10.0,1820.0,1080.9333333333334,40.86666666666667,0.0,13.0,43.0,5.0,9.0,5.890000000000001,6.33
2024-05-13,3.0,4.0,1820.0,858.25,38.75,0.0,10.0,34.0,4.0,7.33,8.333333333333334,6.0
2024-05-14,3.0,3.0,1935.0,949.0833333333334,38.0,0.0,11.0,31.0,3.0,6.33,7.553333333333334,6.0
2024-05-15,9.0,1.0,2225.0,1016.8666666666667,37.13333333333333,0.0,6.0,22.0,4.0,0.0,4.553333333333334,6.0
2024-05-16,7.0,1.0,2225.0,1190.421052631579,35.473684210526315,0.0,5.0,16.0,5.0,0.0,2.11,6.0
2024-05-17,6.0,0.0,2225.0,1138.909090909091,30.863636363636363,0.0,1.0,6.0,5.0,6.0,2.0,0.0
2024-05-18,8.0,2.0,1766.0,1038.047619047619,26.761904761904763,0.0,1.0,5.0,2.0,6.0,4.0,0.0
2024-05-19,2.0,2.0,1625.0,900.625,25.25,0.0,0.0,2.0,0.0,0.0,4.0,0.0
2024-05-20,3.0,4.0,1625.0,756.4615384615385,25.76923076923077,0.0,3.0,4.0,0.0,0.0,2.0,0.0
2024-05-21,4.0,3.0,2678.0,989.0,28.11111111111111,0.0,0.0,3.0,0.0,0.0,0.0,0.0
2024-05-22,4.0,4.0,2678.0,887.0,22.454545454545453,0.0,3.0,4.0,0.0,0.0,0.0,0.0
2024-05-23,3.0,2.0,2678.0,845.7272727272727,23.09090909090909,0.0,3.0,4.0,0.0,0.0,0.0,0.0
2024-05-24,8.0,2.0,660.0,473.4,24.533333333333335,0.0,5.0,9.0,0.0,0.0,0.0,0.0
2024-05-25,7.0,1.0,943.0,460.8888888888889,26.444444444444443,0.0,4.0,12.0,0.0,0.0,0.0,0.0
2024-05-26,1.0,1.0,943.0,504.375,27.0625,0.0,0.0,9.0,0.0,0.0,0.0,0.0
2024-05-27,0.0,0.0,943.0,546.875,24.375,0.0,0.0,4.0,0.0,0.0,0.0,0.0
2024-05-28,3.0,0.0,1254.0,940.75,34.75,0.0,1.0,0.0,1.0,0.0,0.0,0.0
2024-05-29,3.0,0.0,1254.0,817.0,37.166666666666664,0.0,0.0,0.0,1.0,0.0,0.0,0.0
2024-05-30,7.0,0.0,1254.0,771.5384615384615,37.07692307692308,0.0,9.0,8.0,2.0,0.0,0.0,0.0
2024-05-31,5.0,0.0,1033.0,640.4666666666667,29.933333333333334,0.0,1.0,9.0,1.0,0.0,0.0,0.0
2024-06-01,2.0,0.0,1033.0,643.0,28.642857142857142,0.0,2.0,10.0,2.0,0.0,0.0,0.0
2024-06-02,3.0,1.0,1503.0,749.0,25.9,0.0,3.0,3.0,3.0,0.0,0.0,0.0
2024-06-03,1.0,1.0,1503.0,914.8333333333334,30.666666666666668,0.0,2.0,4.0,3.0,0.0,0.0,0.0
2024-06-04,1.0,1.0,1503.0,902.6,30.8,0.0,4.0,7.0,2.0,0.0,0.0,6.0
2024-06-05,2.0,0.0,485.0,361.0,25.5,0.0,2.0,8.0,0.0,0.0,0.0,6.0
2024-06-06,0.0,0.0,412.0,319.6666666666667,29.666666666666668,0.0,2.0,8.0,0.0,0.0,0.0,6.0
2024-06-07,4.0,0.0,471.0,365.5,32.333333333333336,0.0,1.0,5.0,0.0,0.0,0.0,0.0
2024-06-08,0.0,0.0,471.0,411.5,32.25,0.0,2.0,5.0,0.0,6.0,2.0,0.0
2024-06-09,3.0,2.0,1528.0,646.8571428571429,36.0,0.0,8.0,11.0,0.0,0.0,2.0,0.0
2024-06-10,4.0,3.0,1528.0,634.5714285714286,23.857142857142858,0.0,3.0,13.0,0.0,0.0,2.0,0.0
2024-06-11,6.0,3.0,1528.0,800.4615384615385,30.76923076923077,0.0,6.0,16.0,1.0,0.0,0.0,0.0
2024-06-12,5.0,1.0,1352.0,652.7333333333333,28.6,0.0,0.0,8.0,1.0,0.0,0.0,0.0
2024-06-13,3.0,0.0,1352.0,800.2142857142857,37.214285714285715,0.0,1.0,6.0,1.0,0.0,0.0,0.0
2024-06-14,6.0,0.0,1357.0,783.3571428571429,33.07142857142857,0.0,1.0,2.0,0.0,0.0,0.0,0.0
2024-06-15,2.0,0.0,1357.0,891.4545454545455,31.636363636363637,0.0,1.0,3.0,0.0,0.0,0.0,0.0
2024-06-16,4.0,0.0,1357.0,741.5833333333334,23.916666666666668,0.0,1.0,3.0,0.0,0.0,0.0,0.0
2024-06-17,1.0,0.0,812.0,506.85714285714283,19.285714285714285,0.0,0.0,2.0,0.0,0.0,0.0,0.0
2024-06-18,6.0,0.0,974.0,603.3636363636364,27.818181818181817,0.0,3.0,4.0,0.0,0.0,0.0,0.0
2024-06-19,4.0,0.0,974.0,558.0909090909091,32.36363636363637,0.0,2.0,5.0,0.0,0.0,0.0,0.0
2024-06-20,5.0,0.0,1111.0,605.0666666666667,30.8,0.0,1.0,6.0,0.0,0.0,0.0,0.0
2024-06-21,4.0,0.0,1111.0,527.9230769230769,26.23076923076923,0.0,2.0,5.0,0.0,0.0,0.0,0.0
2024-06-22,2.0,0.0,1111.0,546.5454545454545,24.727272727272727,0.0,0.0,3.0,0.0,0.0,0.0,0.0
2024-06-23,4.0,0.0,1208.0,588.6,28.5,0.0,3.0,5.0,0.0,0.0,0.0,0.0
2024-06-24,4.0,0.0,1208.0,587.8,31.4,0.0,3.0,6.0,0.0,0.0,0.0,0.0
2024-06-25,2.0,0.0,1208.0,608.8,33.4,0.0,7.0,13.0,0.0,0.0,0.0,7.67
2024-06-26,3.0,1.0,795.0,485.3333333333333,31.11111111111111,0.0,1.0,11.0,0.0,0.0,0.0,7.67
2024-06-27,4.0,2.0,640.0,462.3333333333333,29.0,0.0,1.0,8.0,0.0,0.0,0.0,7.67
2024-06-28,1.0,2.0,639.0,436.875,27.375,0.0,1.0,1.0,0.0,0.0,0.0,0.0
2024-06-29,2.0,2.0,639.0,414.14285714285717,28.571428571428573,0.0,0.0,0.0,0.0,7.67,2.5566666666666666,0.0
2024-06-30,4.0,2.0,885.0,586.7142857142857,33.857142857142854,0.0,1.0,0.0,0.0,0.0,2.5566666666666666,0.0
2024-07-01,3.0,3.0,885.0,561.4444444444445,31.77777777777778,0.0,1.0,0.0,0.0,0.0,2.5566666666666666,0.0
2024-07-02,2.0,2.0,885.0,560.3333333333334,29.555555555555557,0.0,1.0,1.0,0.0,0.0,0.0,0.0
2024-07-03,2.0,1.0,510.0,427.57142857142856,24.428571428571427,0.0,1.0,1.0,0.0,0.0,0.0,0.0
2024-07-04,3.0,0.0,689.0,490.85714285714283,24.285714285714285,0.0,1.0,2.0,0.0,0.0,0.0,0.0
2024-07-05,1.0,0.0,689.0,493.1666666666667,26.5,0.0,2.0,3.0,0.0,0.0,0.0,0.0
2024-07-06,1.0,0.0,773.0,561.4,30.4,0.0,0.0,3.0,0.0,0.0,0.0,0.0
2024-07-07,5.0,0.0,773.0,523.1428571428571,33.0,0.0,1.0,3.0,0.0,0.0,0.0,0.0
2024-07-08,1.0,0.0,773.0,545.7142857142857,31.857142857142858,0.0,6.0,7.0,0.0,0.0,0.0,0.0
2024-07-09,1.0,0.0,635.0,524.8571428571429,29.428571428571427,0.0,2.0,8.0,0.0,0.0,0.0,0.0
2024-07-10,2.0,1.0,627.0,487.25,29.5,0.0,1.0,7.0,0.0,0.0,0.0,0.0
2024-07-11,2.0,1.0,1659.0,934.4,33.0,0.0,5.0,6.0,0.0,0.0,0.0,0.0
2024-07-12,2.0,1.0,1659.0,839.1666666666666,31.333333333333332,0.0,4.0,9.0,0.0,0.0,0.0,0.0
2024-07-13,3.0,0.0,1659.0,783.4285714285714,29.428571428571427,0.0,0.0,9.0,0.0,0.0,0.0,0.0
2024-07-14,2.0,0.0,1218.0,660.8571428571429,28.0,0.0,6.0,10.0,0.0,0.0,0.0,0.0
2024-07-15,1.0,0.0,1218.0,725.5,28.166666666666668,0.0,6.0,11.0,1.0,0.0,0.0,0.0
2024-07-16,2.0,0.0,1611.0,990.0,22.8,0.0,4.0,15.0,1.0,0.0,0.0,0.0
2024-07-17,6.0,1.0,1611.0,737.0,25.22222222222222,0.0,5.0,13.0,2.0,0.0,0.0,0.0
2024-07-18,5.0,4.0,1611.0,690.9230769230769,28.76923076923077,0.0,5.0,13.0,1.0,0.0,0.0,0.0
2024-07-19,0.0,4.0,1352.0,650.6363636363636,30.727272727272727,0.0,2.0,11.0,1.0,0.0,0.0,0.0
2024-07-20,2.0,3.0,853.0,551.8571428571429,28.857142857142858,0.0,3.0,10.0,0.0,0.0,0.0,0.0
2024-07-21,2.0,2.0,793.0,530.25,22.25,0.0,2.0,7.0,0.0,0.0,0.0,0.0
2024-07-22,6.0,3.0,1224.0,634.4,26.8,0.0,4.0,9.0,0.0,0.0,0.0,0.0
2024-07-23,0.0,3.0,1224.0,693.375,28.0,0.0,5.0,11.0,0.0,0.0,0.0,0.0
2024-07-24,6.0,2.0,1544.0,811.0,36.5,0.0,1.0,10.0,0.0,0.0,0.0,0.0
2024-07-25,5.0,1.0,1544.0,764.0909090909091,36.63636363636363,0.0,2.0,8.0,0.0,0.0,0.0,0.0
2024-07-26,6.0,1.0,1544.0,674.0588235294117,32.76470588235294,0.0,2.0,4.0,0.0,0.0,0.0,0.0
2024-07-27,4.0,1.0,933.0,516.9333333333333,24.333333333333332,0.0,2.0,4.0,0.0,0.0,0.0,0.0
2024-07-28,8.0,5.0,1141.0,574.2777777777778,28.333333333333332,0.0,7.0,9.0,0.0,0.0,0.0,0.0
2024-07-29,6.0,10.0,1141.0,604.7777777777778,31.11111111111111,0.0,8.0,16.0,0.0,0.0,0.0,0.0
2024-07-30,10.0,12.0,1287.0,659.875,31.875,0.0,8.0,21.0,1.0,0.0,0.0,0.0
2024-07-31,6.0,8.0,1421.0,655.9090909090909,28.363636363636363,0.0,8.0,22.0,1.0,0.0,0.0,0.0
2024-08-01,6.0,3.0,1421.0,733.7272727272727,29.5,0.0,10.0,24.0,1.0,0.0,0.0,6.67
2024-08-02,5.0,0.0,1425.0,802.4117647058823,32.529411764705884,0.0,21.0,39.0,0.0,0.0,0.0,6.67
2024-08-03,5.0,0.0,1425.0,768.1875,34.1875,0.0,12.0,43.0,0.0,0.0,0.0,6.67
2024-08-04,1.0,0.0,1425.0,668.8181818181819,31.09090909090909,0.0,9.0,42.0,0.0,0.0,0.0,0.0
2024-08-05,3.0,0.0,1164.0,555.1111111111111,24.555555555555557,0.0,7.0,28.0,0.0,6.67,2.223333333333333,0.0
2024-08-06,7.0,0.0,1206.0,606.9090909090909,30.272727272727273,0.0,7.0,21.0,2.0,0.0,2.223333333333333,0.0
2024-08-07,0.0,0.0,1206.0,629.5,30.9,0.0,1.0,13.0,2.0,0.0,2.223333333333333,0.0
2024-08-08,6.0,2.0,1206.0,586.7692307692307,34.84615384615385,0.0,5.0,10.0,2.0,0.0,0.0,0.0
2024-08-09,5.0,5.0,925.0,473.27272727272725,33.72727272727273,0.0,8.0,12.0,1.0,0.0,0.0,8.0
2024-08-10,4.0,8.0,925.0,473.26666666666665,33.86666666666667,0.0,8.0,19.0,1.0,0.0,0.0,8.0
2024-08-11,5.0,9.0,887.0,524.7857142857143,33.642857142857146,0.0,5.0,20.0,1.0,0.0,0.0,8.0
2024-08-12,5.0,6.0,887.0,551.9285714285714,32.214285714285715,0.0,5.0,18.0,0.0,0.0,0.0,6.0
2024-08-13,5.0,4.0,887.0,580.2666666666667,26.0,0.0,1.0,11.0,0.0,8.0,2.6666666666666665,0.0
2024-08-14,7.0,1.0,753.0,489.8235294117647,23.176470588235293,0.0,4.0,9.0,0.0,6.0,4.666666666666667,6.67
2024-08-15,11.0,2.0,823.0,524.304347826087,22.391304347826086,0.0,4.0,7.0,1.0,0.0,4.666666666666667,6.67
2024-08-16,3.0,1.0,1382.0,550.5714285714286,24.523809523809526,0.0,1.0,7.0,1.0,0.0,2.0,6.67
2024-08-17,4.0,1.0,1382.0,562.6111111111111,24.38888888888889,0.0,2.0,5.0,1.0,0.0,0.0,0.0
2024-08-18,3.0,1.0,1382.0,507.5,22.0,0.0,4.0,6.0,0.0,6.67,2.223333333333333,0.0
2024-08-19,2.0,1.0,545.0,398.1111111111111,20.333333333333332,0.0,5.0,10.0,0.0,0.0,2.223333333333333,0.0
2024-08-20,5.0,1.0,1343.0,521.2,22.4,0.0,3.0,12.0,0.0,0.0,2.223333333333333,0.0
2024-08-21,8.0,0.0,1343.0,554.6,27.866666666666667,0.0,2.0,10.0,0.0,0.0,0.0,0.0
2024-08-22,3.0,0.0,1343.0,529.375,27.0625,0.0,2.0,7.0,0.0,0.0,0.0,0.0
2024-08-23,5.0,0.0,917.0,520.0,28.125,0.0,2.0,5.0,0.0,0.0,0.0,0.0
2024-08-24,5.0,1.0,917.0,507.38461538461536,26.307692307692307,0.0,9.0,11.0,0.0,0.0,0.0,0.0
2024-08-25,0.0,1.0,917.0,556.4,28.8,0.0,5.0,14.0,0.0,0.0,0.0,5.67
2024-08-26,1.0,1.0,562.0,460.5,29.666666666666668,0.0,0.0,13.0,0.0,0.0,0.0,5.67
2024-08-27,1.0,0.0,571.0,455.5,35.0,0.0,1.0,6.0,0.0,0.0,0.0,5.67
2024-08-28,0.0,0.0,571.0,455.5,35.0,0.0,1.0,2.0,0.0,0.0,0.0,0.0
2024-08-29,1.0,0.0,758.0,664.5,35.0,0.0,0.0,2.0,0.0,5.67,1.89,0.0
2024-08-30,2.0,0.0,758.0,446.6666666666667,29.333333333333332,0.0,0.0,1.0,0.0,0.0,1.89,0.0
2024-08-31,3.0,0.0,758.0,443.0,28.833333333333332,0.0,2.0,2.0,0.0,0.0,1.89,0.0
2024-09-01,4.0,1.0,645.0,437.1111111111111,27.11111111111111,0.0,4.0,6.0,0.0,0.0,0.0,0.0
2024-09-02,3.0,2.0,1247.0,612.3,29.2,0.0,7.0,13.0,0.0,0.0,0.0,0.0
2024-09-03,3.0,2.0,1247.0,655.2,28.6,0.0,6.0,17.0,0.0,0.0,0.0,0.0
2024-09-04,4.0,2.0,1515.0,874.5,30.1,0.0,3.0,16.0,0.0,0.0,0.0,0.0
2024-09-05,3.0,2.0,1515.0,750.4,28.9,0.0,6.0,15.0,0.0,0.0,0.0,0.0
2024-09-06,5.0,2.0,1577.0,857.75,33.166666666666664,0.0,7.0,16.0,0.0,0.0,0.0,0.0
2024-09-07,3.0,1.0,1577.0,710.9090909090909,28.636363636363637,0.0,0.0,13.0,0.0,0.0,0.0,0.0
2024-09-08,5.0,1.0,1577.0,640.3846153846154,25.384615384615383,0.0,1.0,8.0,0.0,0.0,0.0,0.0
2024-09-09,4.0,2.0,842.0,516.5833333333334,22.5,0.0,1.0,2.0,0.0,0.0,0.0,7.0
2024-09-10,4.0,2.0,1688.0,684.4615384615385,31.076923076923077,0.0,9.0,11.0,0.0,0.0,0.0,7.0
2024-09-11,3.0,2.0,1688.0,806.2727272727273,38.0,0.0,2.0,12.0,0.0,0.0,0.0,7.0
2024-09-12,4.0,2.0,1688.0,812.4545454545455,37.45454545454545,0.0,6.0,17.0,0.0,0.0,0.0,6.0
2024-09-13,2.0,2.0,1088.0,550.7777777777778,34.111111111111114,0.0,10.0,16.0,1.0,7.0,2.3333333333333335,6.0
2024-09-14,7.0,2.0,1088.0,545.3076923076923,30.076923076923077,0.0,11.0,25.0,1.0,0.0,2.3333333333333335,7.67
2024-09-15,6.0,2.0,2040.0,642.5333333333333,30.933333333333334,0.0,3.0,21.0,2.0,6.0,4.333333333333333,7.67
2024-09-16,0.0,2.0,2040.0,705.0,30.307692307692307,0.0,0.0,13.0,1.0,0.0,2.0,7.67
2024-09-17,1.0,2.0,2040.0,807.8571428571429,29.428571428571427,0.0,1.0,2.0,1.0,0.0,2.0,0.0
2024-09-18,2.0,1.0,628.0,523.3333333333334,20.0,0.0,0.0,0.0,0.0,7.67,2.5566666666666666,0.0
2024-09-19,5.0,1.0,812.0,569.625,21.125,0.0,0.0,0.0,0.0,0.0,2.5566666666666666,0.0
2024-09-20,2.0,0.0,851.0,567.0,23.666666666666668,0.0,0.0,0.0,0.0,0.0,2.5566666666666666,0.0
2024-09-21,0.0,0.0,851.0,594.4285714285714,23.428571428571427,0.0,0.0,0.0,0.0,0.0,0.0,0.0
2024-09-22,1.0,0.0,851.0,608.3333333333334,21.666666666666668,0.0,0.0,0.0,0.0,0.0,0.0,0.0
2024-09-23,3.0,0.0,651.0,433.75,18.75,0.0,1.0,1.0,0.0,0.0,0.0,0.0
2024-09-24,4.0,1.0,1381.0,668.25,23.25,0.0,1.0,2.0,0.0,0.0,0.0,0.0
2024-09-25,2.0,1.0,1381.0,623.3333333333334,25.11111111111111,0.0,0.0,2.0,0.0,0.0,0.0,0.0
2024-09-26,1.0,1.0,1381.0,702.7142857142857,24.571428571428573,0.0,1.0,2.0,0.0,0.0,0.0,0.0
2024-09-27,2.0,0.0,577.0,396.8,28.6,0.0,2.0,2.0,0.0,0.0,0.0,0.0
2024-09-28,2.0,0.0,515.0,381.6,29.6,0.0,0.0,2.0,0.0,0.0,0.0,0.0
2024-09-29,1.0,0.0,515.0,399.2,32.8,0.0,0.0,1.0,0.0,0.0,0.0,0.0
2024-09-30,3.0,0.0,1148.0,536.8333333333334,25.666666666666668,0.0,4.0,3.0,0.0,0.0,0.0,0.0
2024-10-01,8.0,1.0,1535.0,665.75,23.333333333333332,0.0,1.0,4.0,0.0,0.0,0.0,0.0
2024-10-02,2.0,2.0,1535.0,642.3076923076923,22.692307692307693,0.0,3.0,6.0,1.0,0.0,0.0,0.0
2024-10-03,5.0,6.0,1535.0,607.8,25.866666666666667,0.0,7.0,10.0,1.0,0.0,0.0,0.0
2024-10-04,8.0,8.0,1077.0,590.7333333333333,33.666666666666664,0.0,12.0,20.0,2.0,0.0,0.0,6.33
2024-10-05,8.0,8.0,1077.0,617.952380952381,31.0,0.0,6.0,24.0,1.0,0.0,0.0,7.33
2024-10-06,3.0,4.0,1077.0,667.0526315789474,30.0,0.0,5.0,22.0,1.0,0.0,0.0,7.33
2024-10-07,5.0,1.0,921.0,620.75,24.0,0.0,6.0,17.0,0.0,0.0,0.0,8.33
2024-10-08,3.0,1.0,1345.0,648.0909090909091,27.0,0.0,3.0,12.0,2.0,6.33,2.11,8.67
2024-10-09,5.0,1.0,1345.0,639.9230769230769,30.076923076923077,0.0,2.0,9.0,2.0,7.33,4.553333333333334,8.67
2024-10-10,5.0,4.0,2112.0,987.8461538461538,34.69230769230769,0.0,4.0,5.0,4.0,0.0,4.553333333333334,8.67
2024-10-11,2.0,3.0,2112.0,1019.4166666666666,35.666666666666664,0.0,5.0,9.0,2.0,8.33,5.22,0.0
2024-10-12,2.0,3.0,2112.0,1130.7777777777778,30.444444444444443,0.0,3.0,10.0,2.0,8.67,5.666666666666667,0.0
2024-10-13,5.0,1.0,1323.0,601.5555555555555,26.0,0.0,0.0,8.0,0.0,0.0,5.666666666666667,0.0
2024-10-14,4.0,2.0,1184.0,611.9090909090909,24.363636363636363,0.0,0.0,3.0,0.0,0.0,2.89,0.0
2024-10-15,4.0,2.0,1184.0,593.7692307692307,27.23076923076923,0.0,2.0,2.0,0.0,0.0,0.0,0.0
2024-10-16,5.0,1.0,1184.0,603.2307692307693,28.384615384615383,0.0,5.0,7.0,0.0,0.0,0.0,0.0
2024-10-17,4.0,0.0,829.0,512.0,25.076923076923077,0.0,8.0,15.0,0.0,0.0,0.0,0.0
2024-10-18,4.0,0.0,980.0,489.61538461538464,25.615384615384617,0.0,2.0,15.0,0.0,0.0,0.0,0.0
2024-10-19,2.0,0.0,980.0,466.7,22.5,0.0,3.0,13.0,0.0,0.0,0.0,0.0
2024-10-20,3.0,0.0,1015.0,554.2222222222222,25.0,0.0,2.0,7.0,0.0,0.0,0.0,0.0
2024-10-21,2.0,0.0,1015.0,517.4285714285714,22.0,0.0,0.0,5.0,0.0,0.0,0.0,0.0
2024-10-22,3.0,0.0,1015.0,599.75,22.125,0.0,1.0,2.0,0.0,0.0,0.0,0.0
2024-10-23,5.0,0.0,888.0,534.8,21.0,0.0,0.0,0.0,0.0,0.0,0.0,0.0
2024-10-24,6.0,0.0,888.0,553.7142857142857,21.642857142857142,0.0,0.0,0.0,0.0,0.0,0.0,0.0
2024-10-25,6.0,1.0,2006.0,715.1176470588235,22.294117647058822,0.0,2.0,1.0,1.0,0.0,0.0,0.0
2024-10-26,6.0,1.0,2006.0,727.2777777777778,19.38888888888889,0.0,1.0,2.0,1.0,0.0,0.0,0.0
2024-10-27,7.0,2.0,2006.0,800.9473684210526,21.68421052631579,0.0,5.0,6.0,2.0,0.0,0.0,0.0
2024-10-28,1.0,1.0,1677.0,676.2857142857143,22.642857142857142,0.0,1.0,6.0,1.0,0.0,0.0,0.0
2024-10-29,2.0,1.0,1677.0,730.9,32.5,0.0,3.0,8.0,1.0,0.0,0.0,0.0
2024-10-30,6.0,1.0,1047.0,614.1111111111111,29.22222222222222,0.0,1.0,5.0,0.0,0.0,0.0,0.0
2024-10-31,8.0,1.0,1047.0,567.6875,22.5,0.0,1.0,5.0,0.0,0.0,0.0,0.0
2024-11-01,6.0,1.0,1047.0,534.55,21.5,0.0,10.0,11.0,1.0,0.0,0.0,0.0
2024-11-02,3.0,1.0,950.0,489.11764705882354,22.058823529411764,0.0,4.0,14.0,1.0,0.0,0.0,0.0
2024-11-03,3.0,1.0,723.0,445.0,25.416666666666668,0.0,2.0,15.0,1.0,0.0,0.0,0.0
2024-11-04,2.0,1.0,662.0,458.125,24.25,0.0,5.0,11.0,0.0,0.0,0.0,0.0
2024-11-05,3.0,1.0,1067.0,550.375,22.5,0.0,13.0,19.0,0.0,0.0,0.0,0.0
2024-11-06,5.0,2.0,1067.0,538.2,24.0,0.0,5.0,22.0,0.0,0.0,0.0,0.0
2024-11-07,3.0,2.0,1067.0,488.09090909090907,23.454545454545453,0.0,16.0,32.0,1.0,0.0,0.0,0.0
2024-11-08,7.0,1.0,1025.0,501.3333333333333,24.4,0.0,7.0,27.0,1.0,0.0,0.0,0.0
2024-11-09,5.0,0.0,1025.0,465.1333333333333,19.066666666666666,0.0,1.0,23.0,1.0,0.0,0.0,0.0
2024-11-10,2.0,0.0,1025.0,451.7142857142857,20.214285714285715,0.0,1.0,9.0,0.0,0.0,0.0,0.0
2024-11-11,1.0,1.0,392.0,326.625,15.0,0.0,5.0,5.0,0.0,0.0,0.0,0.0
2024-11-12,4.0,3.0,984.0,542.8571428571429,21.857142857142858,0.0,2.0,6.0,0.0,0.0,0.0,0.0
2024-11-13,7.0,3.0,984.0,545.8333333333334,20.583333333333332,0.0,1.0,5.0,0.0,0.0,0.0,0.0
2024-11-14,3.0,3.0,984.0,538.8571428571429,20.714285714285715,0.0,2.0,4.0,0.0,0.0,0.0,0.0
2024-11-15,4.0,2.0,846.0,451.35714285714283,23.285714285714285,0.0,0.0,2.0,0.0,0.0,0.0,0.0
2024-11-16,6.0,2.0,731.0,467.2307692307692,26.53846153846154,0.0,2.0,4.0,0.0,0.0,0.0,0.0
2024-11-17,4.0,2.0,731.0,478.2142857142857,26.071428571428573,0.0,1.0,3.0,0.0,0.0,0.0,0.0
2024-11-18,5.0,1.0,819.0,507.2,25.133333333333333,0.0,1.0,3.0,0.0,0.0,0.0,0.0
2024-11-19,4.0,1.0,819.0,451.9230769230769,25.153846153846153,0.0,11.0,12.0,0.0,0.0,0.0,0.0
2024-11-20,3.0,0.0,819.0,442.4166666666667,26.166666666666668,0.0,0.0,11.0,0.0,0.0,0.0,0.0
2024-11-21,3.0,0.0,538.0,403.3,22.9,0.0,1.0,12.0,0.0,0.0,0.0,0.0
2024-11-22,5.0,0.0,1678.0,676.1818181818181,28.90909090909091,0.0,0.0,1.0,0.0,0.0,0.0,0.0
2024-11-23,8.0,0.0,1678.0,682.3125,24.25,0.0,2.0,3.0,0.0,0.0,0.0,0.0
2024-11-24,8.0,0.0,1678.0,620.6190476190476,23.571428571428573,0.0,3.0,4.0,0.0,0.0,0.0,0.0
2024-11-25,3.0,0.0,886.0,506.5263157894737,18.105263157894736,0.0,1.0,5.0,0.0,0.0,0.0,0.0
2024-11-26,5.0,0.0,1092.0,465.0,20.5625,0.0,8.0,11.0,0.0,0.0,0.0,0.0
2024-11-27,3.0,2.0,1092.0,553.0909090909091,25.272727272727273,0.0,0.0,9.0,0.0,0.0,0.0,0.0
2024-11-28,2.0,2.0,1092.0,622.6,25.8,0.0,2.0,9.0,0.0,0.0,0.0,0.0
2024-11-29,3.0,2.0,935.0,625.0,28.5,0.0,0.0,1.0,0.0,0.0,0.0,0.0
2024-11-30,2.0,0.0,854.0,590.2857142857143,23.142857142857142,0.0,0.0,1.0,0.0,0.0,0.0,0.0
2024-12-01,4.0,0.0,780.0,565.3333333333334,21.88888888888889,0.0,0.0,0.0,0.0,0.0,0.0,0.0
2024-12-02,2.0,0.0,749.0,560.25,18.0,0.0,0.0,0.0,0.0,0.0,0.0,0.0
2024-12-03,3.0,0.0,749.0,513.8888888888889,22.11111111111111,0.0,0.0,0.0,0.0,0.0,0.0,0.0
2024-12-04,1.0,0.0,572.0,428.1666666666667,24.833333333333332,0.0,0.0,0.0,0.0,0.0,0.0,0.0
2024-12-05,3.0,0.0,998.0,459.14285714285717,28.142857142857142,0.0,3.0,3.0,0.0,0.0,0.0,0.0
2024-12-06,4.0,0.0,1096.0,543.25,25.875,0.0,3.0,6.0,0.0,0.0,0.0,0.0
2024-12-07,3.0,0.0,1096.0,564.1,24.5,0.0,1.0,7.0,0.0,0.0,0.0,0.0
2024-12-08,6.0,0.0,1096.0,485.38461538461536,21.692307692307693,0.0,2.0,6.0,0.0,0.0,0.0,0.0
2024-12-09,3.0,1.0,795.0,441.8333333333333,23.333333333333332,0.0,2.0,4.0,1.0,0.0,0.0,0.0
2024-12-10,1.0,1.0,677.0,385.7,24.8,0.0,0.0,3.0,1.0,0.0,0.0,0.0
2024-12-11,9.0,1.0,1005.0,557.2307692307693,22.0,0.0,6.0,5.0,1.0,0.0,0.0,0.0
2024-12-12,10.0,0.0,1005.0,549.05,22.55,0.0,4.0,7.0,0.0,0.0,0.0,0.0
2024-12-13,4.0,0.0,1167.0,578.5652173913044,24.26086956521739,0.0,2.0,9.0,0.0,0.0,0.0,0.0
2024-12-14,7.0,0.0,1167.0,561.7619047619048,26.38095238095238,0.0,4.0,8.0,0.0,0.0,0.0,0.0
2024-12-15,5.0,0.0,1167.0,582.1875,26.5,0.0,1.0,5.0,0.0,0.0,0.0,0.0
2024-12-16,8.0,0.0,1764.0,629.65,28.75,0.0,2.0,4.0,0.0,0.0,0.0,0.0
2024-12-17,1.0,0.0,1764.0,641.0714285714286,30.714285714285715,0.0,0.0,1.0,0.0,0.0,0.0,0.0
2024-12-18,5.0,0.0,3161.0,792.8571428571429,30.857142857142858,0.0,0.0,1.0,0.0,0.0,0.0,0.0
2024-12-19,1.0,0.0,3161.0,838.0,24.857142857142858,0.0,0.0,0.0,0.0,0.0,0.0,0.0
2024-12-20,3.0,0.0,3161.0,808.8888888888889,29.555555555555557,0.0,3.0,3.0,0.0,0.0,0.0,0.0
2024-12-21,4.0,0.0,814.0,560.875,27.0,0.0,3.0,5.0,0.0,0.0,0.0,0.0
2024-12-22,9.0,2.0,946.0,575.4375,26.5,0.0,2.0,6.0,0.0,0.0,0.0,0.0
2024-12-23,4.0,2.0,946.0,563.5882352941177,25.352941176470587,0.0,3.0,6.0,0.0,0.0,0.0,0.0
2024-12-24,4.0,3.0,946.0,577.1176470588235,27.823529411764707,0.0,3.0,7.0,0.0,0.0,0.0,0.0
2024-12-25,5.0,4.0,1104.0,568.2307692307693,28.23076923076923,0.0,8.0,14.0,0.0,0.0,0.0,0.0
2024-12-26,3.0,4.0,1104.0,631.0,28.416666666666668,0.0,3.0,14.0,0.0,0.0,0.0,0.0
2024-12-27,8.0,4.0,1240.0,704.25,26.8125,0.0,2.0,12.0,0.0,0.0,0.0,0.0
2024-12-28,5.0,1.0,1240.0,761.25,28.375,0.0,2.0,6.0,0.0,0.0,0.0,0.0
2024-12-29,8.0,3.0,1240.0,672.1428571428571,23.285714285714285,0.0,3.0,6.0,0.0,0.0,0.0,8.0
2024-12-30,6.0,6.0,1114.0,685.3684210526316,24.789473684210527,0.0,22.0,26.0,1.0,0.0,0.0,8.0
2024-12-31,4.0,8.0,1114.0,614.6666666666666,23.333333333333332,0.0,16.0,38.0,3.0,0.0,0.0,8.0
2025-01-01,2.0,6.0,1114.0,660.25,27.0,0.0,4.0,39.0,3.0,0.0,0.0,0.0
2025-01-02,3.0,2.0,712.0,489.0,21.77777777777778,0.0,4.0,22.0,2.0,8.0,2.6666666666666665,0.0
2025-01-03,5.0,3.0,986.0,582.8,16.9,0.0,1.0,9.0,0.0,0.0,2.6666666666666665,0.0
2025-01-04,3.0,5.0,986.0,545.3636363636364,19.0,0.0,5.0,8.0,2.0,0.0,2.6666666666666665,0.0
2025-01-05,5.0,6.0,1603.0,749.1538461538462,25.46153846153846,0.0,7.0,8.0,3.0,0.0,0.0,0.0
2025-01-06,2.0,4.0,1603.0,713.7,32.2,0.0,4.0,11.0,3.0,0.0,0.0,0.0
2025-01-07,4.0,5.0,1603.0,725.0909090909091,30.818181818181817,0.0,4.0,11.0,1.0,0.0,0.0,0.0
2025-01-08,5.0,6.0,1184.0,456.6363636363636,24.454545454545453,0.0,2.0,8.0,0.0,0.0,0.0,0.0
2025-01-09,5.0,5.0,1219.0,546.2857142857143,22.285714285714285,0.0,0.0,4.0,0.0,0.0,0.0,0.0
2025-01-10,0.0,2.0,1219.0,540.5,23.1,0.0,1.0,2.0,0.0,0.0,0.0,0.0
2025-01-11,1.0,0.0,1219.0,627.3333333333334,20.333333333333332,0.0,1.0,1.0,0.0,0.0,0.0,0.0
2025-01-12,2.0,0.0,931.0,624.0,18.333333333333332,0.0,1.0,1.0,0.0,0.0,0.0,0.0
2025-01-13,1.0,0.0,931.0,550.0,16.25,0.0,0.0,0.0,0.0,0.0,0.0,0.0
2025-01-14,2.0,0.0,931.0,551.6,14.4,0.0,0.0,0.0,0.0,0.0,0.0,0.0
2025-01-15,6.0,0.0,817.0,476.8888888888889,16.22222222222222,0.0,0.0,0.0,0.0,0.0,0.0,0.0
2025-01-16,0.0,0.0,817.0,495.5,17.0,0.0,0.0,0.0,0.0,0.0,0.0,0.0
2025-01-17,2.0,0.0,817.0,483.25,18.5,0.0,0.0,0.0,0.0,0.0,0.0,0.0
2025-01-18,5.0,1.0,741.0,544.8571428571429,19.714285714285715,0.0,9.0,9.0,0.0,0.0,0.0,0.0
2025-01-19,4.0,2.0,915.0,578.4545454545455,19.09090909090909,0.0,2.0,11.0,0.0,0.0,0.0,0.0
2025-01-20,4.0,2.0,915.0,572.5384615384615,21.23076923076923,0.0,1.0,12.0,0.0,0.0,0.0,0.0
2025-01-21,3.0,1.0,915.0,544.4545454545455,22.363636363636363,0.0,0.0,3.0,0.0,0.0,0.0,0.0
2025-01-22,6.0,1.0,1129.0,575.6153846153846,25.923076923076923,0.0,1.0,2.0,0.0,0.0,0.0,0.0
2025-01-23,8.0,4.0,1310.0,672.2352941176471,27.352941176470587,0.0,1.0,2.0,0.0,0.0,0.0,0.0
2025-01-24,4.0,4.0,1310.0,683.2777777777778,26.666666666666668,0.0,0.0,2.0,0.0,0.0,0.0,0.0
2025-01-25,2.0,3.0,1310.0,659.3571428571429,26.714285714285715,0.0,2.0,2.0,0.0,0.0,0.0,0.0
2025-01-26,5.0,0.0,858.0,499.3636363636364,25.272727272727273,0.0,3.0,1.0,0.0,0.0,0.0,0.0
2025-01-27,5.0,1.0,1214.0,635.5,27.833333333333332,0.0,0.0,1.0,0.0,0.0,0.0,0.0
2025-01-28,3.0,1.0,1214.0,613.0769230769231,25.46153846153846,0.0,1.0,1.0,0.0,0.0,0.0,0.0
2025-01-29,4.0,1.0,1214.0,673.5,24.916666666666668,0.0,1.0,2.0,0.0,0.0,0.0,0.0
2025-01-30,0.0,0.0,1117.0,517.4285714285714,21.714285714285715,0.0,1.0,3.0,0.0,0.0,0.0,0.0
2025-01-31,7.0,2.0,1117.0,634.0,26.0,0.0,0.0,2.0,0.0,0.0,0.0,0.0
2025-02-01,1.0,3.0,892.0,633.75,28.25,0.0,3.0,4.0,0.0,0.0,0.0,0.0
2025-02-02,1.0,3.0,892.0,612.7777777777778,26.88888888888889,0.0,1.0,4.0,0.0,0.0,0.0,0.0
2025-02-03,4.0,1.0,1754.0,787.1666666666666,29.166666666666668,0.0,6.0,10.0,0.0,0.0,0.0,0.0
2025-02-04,8.0,2.0,1754.0,763.6923076923077,26.615384615384617,0.0,10.0,17.0,0.0,0.0,0.0,0.0
2025-02-05,4.0,2.0,1754.0,762.1875,27.5,0.0,7.0,23.0,0.0,0.0,0.0,0.0
2025-02-06,4.0,2.0,1604.0,658.25,24.6875,0.0,2.0,19.0,0.0,0.0,0.0,0.0
2025-02-07,3.0,0.0,1633.0,784.1818181818181,28.09090909090909,0.0,2.0,11.0,0.0,0.0,0.0,0.0
2025-02-08,3.0,1.0,1633.0,709.1,27.9,0.0,5.0,9.0,0.0,0.0,0.0,0.0
2025-02-09,3.0,2.0,1633.0,721.0,30.22222222222222,0.0,1.0,8.0,0.0,0.0,0.0,0.0
2025-02-10,1.0,3.0,708.0,435.2857142857143,27.285714285714285,0.0,0.0,6.0,0.0,0.0,0.0,0.0
2025-02-11,2.0,2.0,708.0,489.3333333333333,22.666666666666668,0.0,1.0,2.0,0.0,0.0,0.0,0.0
2025-02-12,5.0,1.0,650.0,439.125,25.5,0.0,2.0,2.0,0.0,0.0,0.0,0.0
2025-02-13,4.0,0.0,650.0,475.09090909090907,22.545454545454547,0.0,0.0,2.0,0.0,0.0,0.0,0.0
2025-02-14,2.0,1.0,650.0,456.27272727272725,23.90909090909091,0.0,1.0,2.0,0.0,0.0,0.0,0.0
2025-02-15,3.0,2.0,701.0,516.8888888888889,19.666666666666668,0.0,4.0,4.0,0.0,0.0,0.0,0.0
2025-02-16,5.0,4.0,820.0,527.7,22.0,0.0,2.0,4.0,0.0,0.0,0.0,0.0
2025-02-17,5.0,3.0,820.0,501.0,21.76923076923077,0.0,0.0,3.0,0.0,0.0,0.0,0.0
2025-02-18,1.0,2.0,820.0,462.6363636363636,24.09090909090909,0.0,1.0,1.0,0.0,0.0,0.0,0.0
2025-02-19,0.0,0.0,605.0,415.8333333333333,22.666666666666668,0.0,0.0,1.0,0.0,0.0,0.0,0.0
2025-02-20,5.0,0.0,954.0,563.1666666666666,30.166666666666668,0.0,1.0,1.0,0.0,0.0,0.0,0.0
2025-02-21,4.0,1.0,954.0,565.7777777777778,26.11111111111111,0.0,0.0,0.0,0.0,0.0,0.0,0.0
2025-02-22,5.0,1.0,985.0,591.5714285714286,25.0,0.0,2.0,2.0,0.0,0.0,0.0,0.0
2025-02-23,2.0,1.0,985.0,565.6363636363636,22.0,0.0,1.0,2.0,0.0,0.0,0.0,0.0
2025-02-24,6.0,0.0,1414.0,717.0,25.0,0.0,5.0,6.0,1.0,0.0,0.0,5.67
2025-02-25,2.0,1.0,1421.0,814.5,29.6,0.0,4.0,8.0,1.0,0.0,0.0,5.67
2025-02-26,3.0,1.0,1627.0,974.4545454545455,35.54545454545455,0.0,2.0,10.0,1.0,0.0,0.0,5.67
2025-02-27,4.0,2.0,1627.0,1031.0,33.888888888888886,0.0,1.0,6.0,0.0,0.0,0.0,0.0
2025-02-28,4.0,1.0,1627.0,872.0,28.363636363636363,0.0,0.0,2.0,0.0,5.67,1.89,0.0
2025-03-01,6.0,1.0,1575.0,745.4285714285714,27.285714285714285,0.0,1.0,0.0,0.0,0.0,1.89,0.0
2025-03-02,1.0,0.0,1429.0,694.0,28.818181818181817,0.0,1.0,0.0,0.0,0.0,1.89,0.0
2025-03-03,6.0,0.0,1429.0,789.0,28.307692307692307,0.0,3.0,0.0,0.0,0.0,0.0,0.0
2025-03-04,1.0,0.0,1217.0,782.625,22.125,0.0,0.0,0.0,0.0,0.0,0.0,0.0
2025-03-05,4.0,0.0,1217.0,805.3636363636364,19.272727272727273,0.0,0.0,0.0,0.0,0.0,0.0,0.0
2025-03-06,4.0,0.0,1151.0,764.7777777777778,17.555555555555557,0.0,1.0,1.0,0.0,0.0,0.0,5.67
2025-03-07,3.0,0.0,1151.0,727.0909090909091,17.272727272727273,0.0,0.0,1.0,0.0,0.0,0.0,5.67
2025-03-08,3.0,0.0,1089.0,586.0,18.3,0.0,1.0,2.0,0.0,0.0,0.0,5.67
2025-03-09,6.0,1.0,1197.0,554.0,16.833333333333332,0.0,0.0,1.0,0.0,0.0,0.0,0.0
2025-03-10,1.0,1.0,1197.0,587.2,17.5,0.0,0.0,1.0,0.0,5.67,1.89,0.0
2025-03-11,4.0,1.0,1197.0,573.2727272727273,16.454545454545453,0.0,0.0,0.0,0.0,0.0,1.89,5.67
2025-03-12,3.0,0.0,1171.0,697.125,14.375,0.0,2.0,1.0,0.0,0.0,1.89,5.67
2025-03-13,2.0,0.0,1171.0,663.0,14.0,0.0,0.0,1.0,0.0,0.0,0.0,5.67
2025-03-14,4.0,2.0,1171.0,674.1111111111111,16.666666666666668,0.0,0.0,1.0,0.0,0.0,0.0,0.0
2025-03-15,2.0,3.0,757.0,526.75,15.875,0.0,1.0,1.0,0.0,5.67,1.89,0.0
2025-03-16,3.0,3.0,1113.0,639.5555555555555,18.666666666666668,0.0,0.0,1.0,0.0,0.0,1.89,0.0
2025-03-17,3.0,2.0,1213.0,708.5,19.75,0.0,0.0,1.0,0.0,0.0,1.89,0.0
2025-03-18,6.0,5.0,1213.0,582.1666666666666,27.25,0.0,2.0,1.0,0.0,0.0,0.0,0.0
2025-03-19,6.0,5.0,1213.0,475.26666666666665,25.333333333333332,0.0,0.0,1.0,0.0,0.0,0.0,5.67
2025-03-20,2.0,4.0,820.0,452.57142857142856,26.714285714285715,0.0,2.0,2.0,0.0,0.0,0.0,5.67
2025-03-21,3.0,0.0,1132.0,603.6363636363636,25.363636363636363,0.0,1.0,1.0,0.0,0.0,0.0,5.67
2025-03-22,3.0,2.0,3032.0,1168.125,26.25,0.0,1.0,2.0,0.0,0.0,0.0,0.0
2025-03-23,7.0,4.0,3032.0,1058.3076923076924,24.76923076923077,0.0,0.0,1.0,0.0,5.67,1.89,6.33
2025-03-24,1.0,4.0,3032.0,1055.3636363636363,21.818181818181817,0.0,0.0,1.0,0.0,0.0,1.89,6.33
2025-03-25,0.0,2.0,1229.0,768.625,23.125,0.0,0.0,0.0,0.0,0.0,1.89,6.33
2025-03-26,4.0,0.0,1374.0,689.2,21.2,0.0,2.0,0.0,0.0,0.0,0.0,0.0
2025-03-27,3.0,0.0,1374.0,621.8571428571429,23.285714285714285,0.0,2.0,1.0,0.0,6.33,2.11,0.0
2025-03-28,3.0,1.0,1374.0,517.7,25.0,0.0,2.0,2.0,0.0,0.0,2.11,0.0
2025-03-29,6.0,1.0,2212.0,683.1666666666666,27.5,0.0,4.0,5.0,1.0,0.0,2.11,0.0
2025-03-30,2.0,1.0,2212.0,683.0,29.0,0.0,2.0,6.0,1.0,0.0,0.0,0.0
2025-03-31,5.0,0.0,2212.0,807.9230769230769,27.923076923076923,0.0,7.0,11.0,1.0,0.0,0.0,0.0
2025-04-01,1.0,0.0,1154.0,654.625,25.125,0.0,1.0,9.0,0.0,0.0,0.0,0.0
2025-04-02,0.0,0.0,1154.0,727.0,23.833333333333332,0.0,2.0,9.0,0.0,0.0,0.0,5.67
2025-04-03,1.0,0.0,548.0,477.0,11.0,0.0,0.0,3.0,0.0,0.0,0.0,5.67
2025-04-04,3.0,0.0,884.0,596.5,20.25,0.0,0.0,2.0,0.0,0.0,0.0,5.67
2025-04-05,4.0,0.0,1000.0,638.5,19.375,0.0,1.0,0.0,0.0,0.0,0.0,0.0
2025-04-06,4.0,0.0,1000.0,637.2727272727273,24.09090909090909,0.0,1.0,1.0,0.0,5.67,1.89,0.0
2025-04-07,3.0,0.0,1000.0,563.3636363636364,24.545454545454547,0.0,0.0,1.0,0.0,0.0,1.89,0.0
2025-04-08,4.0,0.0,784.0,523.7272727272727,23.545454545454547,0.0,0.0,1.0,0.0,0.0,1.89,0.0
2025-04-09,4.0,0.0,1347.0,688.9090909090909,21.272727272727273,0.0,2.0,1.0,0.0,0.0,0.0,0.0
2025-04-10,2.0,0.0,1347.0,771.5,19.7,0.0,0.0,1.0,0.0,0.0,0.0,0.0
2025-04-11,2.0,0.0,1347.0,782.125,21.875,0.0,0.0,1.0,0.0,0.0,0.0,0.0
2025-04-12,2.0,1.0,917.0,572.0,20.833333333333332,0.0,2.0,2.0,0.0,0.0,0.0,6.0
2025-04-13,11.0,2.0,1106.0,570.5333333333333,22.466666666666665,0.0,9.0,11.0,0.0,0.0,0.0,7.67
2025-04-14,5.0,5.0,1106.0,587.0,26.77777777777778,0.0,10.0,21.0,0.0,0.0,0.0,7.67
2025-04-15,4.0,4.0,1121.0,606.25,25.0,0.0,2.0,21.0,0.0,0.0,0.0,7.67
2025-04-16,4.0,3.0,1121.0,631.8461538461538,24.076923076923077,0.0,2.0,14.0,0.0,6.0,2.0,0.0
2025-04-17,1.0,0.0,1121.0,659.0,16.22222222222222,0.0,0.0,4.0,0.0,7.67,4.556666666666667,0.0
2025-04-18,5.0,0.0,1069.0,639.8,14.7,0.0,0.0,2.0,0.0,0.0,4.556666666666667,0.0
2025-04-19,1.0,0.0,1069.0,603.5714285714286,13.285714285714286,0.0,1.0,1.0,0.0,0.0,2.5566666666666666,0.0
2025-04-20,4.0,0.0,1079.0,568.3,15.8,0.0,0.0,1.0,0.0,0.0,0.0,0.0
2025-04-21,1.0,0.0,1079.0,450.0,19.833333333333332,0.0,1.0,2.0,0.0,0.0,0.0,0.0
2025-04-22,4.0,0.0,1079.0,394.6666666666667,19.77777777777778,0.0,1.0,2.0,0.0,0.0,0.0,0.0
2025-04-23,5.0,0.0,1583.0,488.7,22.2,0.0,1.0,3.0,0.0,0.0,0.0,0.0
2025-04-24,5.0,0.0,1583.0,456.7857142857143,23.5,0.0,0.0,2.0,0.0,0.0,0.0,0.0
2025-04-25,7.0,0.0,1583.0,584.5882352941177,21.294117647058822,0.0,0.0,1.0,0.0,0.0,0.0,0.0
2025-04-26,1.0,0.0,1032.0,558.6923076923077,18.76923076923077,0.0,0.0,0.0,0.0,0.0,0.0,0.0
2025-04-27,3.0,1.0,1496.0,747.3636363636364,14.454545454545455,0.0,0.0,0.0,0.0,0.0,0.0,0.0
2025-04-28,1.0,1.0,1496.0,846.6,13.4,0.0,0.0,0.0,0.0,0.0,0.0,0.0
2025-04-29,3.0,2.0,1496.0,665.1428571428571,14.857142857142858,0.0,0.0,0.0,0.0,0.0,0.0,0.0
2025-04-30,6.0,1.0,1050.0,459.2,17.0,0.0,4.0,3.0,0.0,0.0,0.0,0.0
2025-05-01,4.0,1.0,1877.0,625.0,18.53846153846154,0.0,1.0,4.0,0.0,0.0,0.0,0.0
2025-05-02,1.0,0.0,1877.0,695.7272727272727,19.09090909090909,0.0,0.0,4.0,0.0,0.0,0.0,0.0
2025-05-03,3.0,0.0,1877.0,795.875,17.375,0.0,0.0,1.0,0.0,0.0,0.0,0.0
2025-05-04,1.0,0.0,633.0,480.6,14.4,0.0,0.0,0.0,0.0,0.0,0.0,0.0
2025-05-05,6.0,0.0,982.0,458.5,15.0,0.0,1.0,0.0,0.0,0.0,0.0,0.0
2025-05-06,6.0,1.0,1176.0,516.7692307692307,18.153846153846153,0.0,0.0,0.0,0.0,0.0,0.0,0.0
2025-05-07,3.0,2.0,1496.0,596.6,18.133333333333333,0.0,0.0,0.0,0.0,0.0,0.0,0.0
2025-05-08,2.0,2.0,1496.0,647.9090909090909,20.454545454545453,0.0,0.0,0.0,0.0,0.0,0.0,0.0
2025-05-09,7.0,1.0,1496.0,628.3333333333334,17.416666666666668,0.0,2.0,0.0,0.0,0.0,0.0,0.0
2025-05-10,2.0,0.0,820.0,562.7272727272727,16.272727272727273,0.0,0.0,0.0,0.0,0.0,0.0,0.0
2025-05-11,2.0,0.0,820.0,546.1818181818181,16.272727272727273,0.0,0.0,0.0,0.0,0.0,0.0,0.0
2025-05-12,4.0,1.0,869.0,484.75,16.75,0.0,1.0,1.0,0.0,0.0,0.0,0.0
2025-05-13,4.0,1.0,941.0,499.9,21.6,0.0,0.0,1.0,0.0,0.0,0.0,0.0
2025-05-14,3.0,1.0,941.0,556.7272727272727,24.636363636363637,0.0,1.0,1.0,1.0,0.0,0.0,6.33
2025-05-15,10.0,0.0,1755.0,786.1176470588235,28.352941176470587,0.0,5.0,4.0,2.0,0.0,0.0,6.33
2025-05-16,4.0,0.0,1755.0,848.8235294117648,26.823529411764707,0.0,1.0,5.0,2.0,0.0,0.0,6.33
2025-05-17,7.0,1.0,1755.0,748.0,23.238095238095237,0.0,0.0,5.0,1.0,0.0,0.0,0.0
2025-05-18,0.0,1.0,1015.0,599.3636363636364,19.09090909090909,0.0,0.0,1.0,0.0,6.33,2.11,0.0
2025-05-19,3.0,1.0,954.0,497.1,18.5,0.0,0.0,0.0,0.0,0.0,2.11,0.0
2025-05-20,4.0,0.0,954.0,484.7142857142857,22.285714285714285,0.0,1.0,1.0,0.0,0.0,2.11,0.0
2025-05-21,3.0,0.0,1043.0,579.9,19.5,0.0,0.0,1.0,0.0,0.0,0.0,0.0
2025-05-22,3.0,0.0,1073.0,607.9,19.6,0.0,1.0,2.0,0.0,0.0,0.0,0.0
2025-05-23,2.0,0.0,1201.0,792.125,15.125,0.0,0.0,1.0,0.0,0.0,0.0,0.0
2025-05-24,4.0,0.0,1201.0,754.5555555555555,21.88888888888889,0.0,0.0,1.0,0.0,0.0,0.0,0.0
2025-05-25,3.0,1.0,1205.0,833.2222222222222,21.11111111111111,0.0,3.0,1.0,0.0,0.0,0.0,0.0
2025-05-26,4.0,3.0,1205.0,717.6363636363636,18.727272727272727,0.0,6.0,4.0,1.0,0.0,0.0,6.67
2025-05-27,6.0,3.0,1205.0,593.0769230769231,13.153846153846153,0.0,2.0,6.0,1.0,0.0,0.0,6.67
2025-05-28,3.0,2.0,845.0,501.2307692307692,16.53846153846154,0.0,2.0,5.0,1.0,0.0,0.0,6.67
2025-05-29,2.0,0.0,845.0,525.6363636363636,17.454545454545453,0.0,0.0,2.0,0.0,0.0,0.0,8.0
2025-05-30,0.0,0.0,790.0,621.2,22.4,0.0,0.0,0.0,0.0,6.67,2.223333333333333,8.0
2025-05-31,6.0,2.0,803.0,582.75,18.0,0.0,3.0,3.0,0.0,0.0,2.223333333333333,8.0
2025-06-01,8.0,7.0,2371.0,701.1428571428571,22.714285714285715,0.0,4.0,7.0,0.0,0.0,2.223333333333333,7.0
2025-06-02,1.0,7.0,2371.0,695.0,22.466666666666665,0.0,0.0,7.0,0.0,8.0,2.6666666666666665,7.0
2025-06-03,2.0,5.0,2371.0,730.0909090909091,23.454545454545453,0.0,2.0,6.0,0.0,6.67,4.89,0.0
2025-06-04,2.0,1.0,609.0,412.6,25.0,0.0,1.0,3.0,0.0,7.0,7.223333333333334,0.0
2025-06-05,2.0,1.0,482.0,381.1666666666667,21.166666666666668,0.0,1.0,4.0,0.0,0.0,4.556666666666667,0.0
2025-06-06,2.0,1.0,1033.0,520.1666666666666,21.833333333333332,0.0,0.0,2.0,0.0,0.0,2.3333333333333335,0.0
2025-06-07,2.0,1.0,1033.0,595.0,24.333333333333332,0.0,0.0,1.0,0.0,0.0,0.0,0.0
2025-06-08,0.0,1.0,1033.0,684.25,31.25,0.0,0.0,0.0,0.0,0.0,0.0,0.0
2025-06-09,2.0,2.0,758.0,486.25,39.0,0.0,0.0,0.0,0.0,0.0,0.0,0.0
2025-06-10,7.0,1.0,948.0,617.4444444444445,21.0,0.0,0.0,0.0,0.0,0.0,0.0,6.33
2025-06-11,13.0,1.0,1094.0,690.2727272727273,19.318181818181817,0.0,0.0,0.0,0.0,0.0,0.0,6.33
2025-06-12,5.0,1.0,1094.0,719.48,16.36,0.0,0.0,0.0,0.0,0.0,0.0,6.33
2025-06-13,5.0,1.0,1138.0,715.2173913043479,19.91304347826087,0.0,0.0,0.0,0.0,0.0,0.0,5.67
2025-06-14,5.0,1.0,1138.0,592.0666666666667,21.266666666666666,0.0,1.0,1.0,0.0,6.33,2.11,0.0
2025-06-15,2.0,0.0,1138.0,524.5,25.0,0.0,3.0,3.0,0.0,5.67,4.0,0.0
2025-06-16,7.0,0.0,1204.0,546.2857142857143,23.571428571428573,0.0,5.0,7.0,0.0,0.0,4.0,0.0
2025-06-17,4.0,0.0,1204.0,596.7692307692307,28.0,0.0,6.0,10.0,0.0,0.0,1.89,0.0
2025-06-18,7.0,1.0,1204.0,652.7222222222222,23.833333333333332,0.0,3.0,9.0,1.0,0.0,0.0,0.0
2025-06-19,4.0,1.0,887.0,595.9333333333333,23.866666666666667,0.0,0.0,5.0,1.0,0.0,0.0,0.0
2025-06-20,8.0,1.0,887.0,574.6315789473684,19.157894736842106,0.0,1.0,1.0,2.0,0.0,0.0,0.0
2025-06-21,8.0,2.0,1272.0,552.8,20.2,0.0,2.0,2.0,1.0,0.0,0.0,0.0
2025-06-22,1.0,2.0,1272.0,564.1176470588235,18.352941176470587,0.0,0.0,2.0,1.0,0.0,0.0,0.0
2025-06-23,2.0,2.0,1272.0,614.4545454545455,19.181818181818183,0.0,1.0,2.0,0.0,0.0,0.0,0.0
2025-06-24,2.0,0.0,812.0,573.8,16.8,0.0,0.0,0.0,0.0,0.0,0.0,0.0
2025-06-25,8.0,1.0,1084.0,770.25,12.833333333333334,0.0,1.0,0.0,0.0,0.0,0.0,0.0
2025-06-26,6.0,1.0,1090.0,776.5625,11.9375,0.0,0.0,0.0,0.0,0.0,0.0,0.0
2025-06-27,6.0,1.0,1090.0,729.85,15.8,0.0,0.0,0.0,0.0,0.0,0.0,0.0
2025-06-28,2.0,1.0,1090.0,657.0,19.785714285714285,0.0,0.0,0.0,0.0,0.0,0.0,0.0
2025-06-29,1.0,1.0,1000.0,562.1111111111111,23.77777777777778,0.0,1.0,0.0,0.0,0.0,0.0,0.0
2025-06-30,5.0,3.0,1000.0,499.5,21.375,0.0,0.0,0.0,0.0,0.0,0.0,0.0
2025-07-01,5.0,2.0,619.0,451.90909090909093,21.636363636363637,0.0,0.0,0.0,0.0,0.0,0.0,0.0
2025-07-02,4.0,2.0,619.0,460.42857142857144,20.5,0.0,0.0,0.0,0.0,0.0,0.0,0.0
2025-07-03,1.0,0.0,619.0,453.0,19.8,0.0,0.0,0.0,0.0,0.0,0.0,0.0
2025-07-04,2.0,0.0,711.0,510.7142857142857,20.428571428571427,0.0,0.0,0.0,0.0,0.0,0.0,0.0
2025-07-05,6.0,1.0,1148.0,708.4444444444445,18.22222222222222,0.0,0.0,0.0,0.0,0.0,0.0,0.0
2025-07-06,3.0,1.0,1148.0,680.0909090909091,21.727272727272727,0.0,0.0,0.0,0.0,0.0,0.0,0.0
2025-07-07,6.0,3.0,1148.0,632.8666666666667,15.533333333333333,0.0,0.0,0.0,0.0,0.0,0.0,0.0
2025-07-08,4.0,2.0,930.0,582.3846153846154,17.76923076923077,0.0,0.0,0.0,0.0,0.0,0.0,0.0
2025-07-09,4.0,2.0,1118.0,640.3571428571429,14.357142857142858,0.0,1.0,1.0,0.0,0.0,0.0,0.0
2025-07-10,2.0,0.0,1118.0,730.3,17.7,0.0,1.0,2.0,0.0,0.0,0.0,0.0
2025-07-11,2.0,0.0,1118.0,665.5,18.25,0.0,0.0,2.0,0.0,0.0,0.0,0.0
2025-07-12,2.0,0.0,974.0,617.8333333333334,22.333333333333332,0.0,0.0,1.0,0.0,0.0,0.0,0.0
2025-07-13,2.0,0.0,924.0,591.5,22.333333333333332,0.0,3.0,3.0,0.0,0.0,0.0,0.0
2025-07-14,2.0,0.0,924.0,572.1666666666666,26.5,0.0,0.0,3.0,0.0,0.0,0.0,0.0
2025-07-15,4.0,0.0,924.0,456.875,26.25,0.0,0.0,3.0,0.0,0.0,0.0,0.0
2025-07-16,8.0,0.0,574.0,396.57142857142856,29.285714285714285,0.0,0.0,0.0,0.0,0.0,0.0,0.0
2025-07-17,4.0,0.0,574.0,413.625,25.8125,0.0,0.0,0.0,0.0,0.0,0.0,0.0
2025-07-18,5.0,0.0,574.0,409.7647058823529,24.41176470588235,0.0,0.0,0.0,0.0,0.0,0.0,0.0
2025-07-19,2.0,0.0,613.0,409.1818181818182,20.545454545454547,0.0,0.0,0.0,0.0,0.0,0.0,0.0
2025-07-20,3.0,0.0,705.0,454.2,19.4,0.0,1.0,0.0,0.0,0.0,0.0,0.0
2025-07-21,4.0,1.0,1145.0,639.1111111111111,20.22222222222222,0.0,0.0,0.0,0.0,0.0,0.0,0.0
2025-07-22,2.0,2.0,1145.0,642.5555555555555,20.11111111111111,0.0,0.0,0.0,0.0,0.0,0.0,0.0
2025-07-23,5.0,2.0,1145.0,613.0909090909091,18.636363636363637,0.0,0.0,0.0,0.0,0.0,0.0,0.0
2025-07-24,1.0,2.0,1003.0,516.25,18.0,0.0,0.0,0.0,0.0,0.0,0.0,0.0
2025-07-25,2.0,2.0,1003.0,508.125,17.375,0.0,1.0,0.0,0.0,0.0,0.0,0.0
2025-07-26,2.0,3.0,938.0,565.8,25.0,0.0,0.0,0.0,0.0,0.0,0.0,0.0
2025-07-27,2.0,2.0,938.0,553.0,21.333333333333332,0.0,0.0,0.0,0.0,0.0,0.0,0.0
2025-07-28,1.0,1.0,938.0,542.4,24.4,0.0,0.0,0.0,0.0,0.0,0.0,0.0
2025-07-29,1.0,0.0,644.0,412.25,22.0,0.0,0.0,0.0,0.0,0.0,0.0,0.0
2025-07-30,2.0,0.0,389.0,325.0,26.0,0.0,1.0,0.0,0.0,0.0,0.0,0.0
2025-07-31,6.0,2.0,676.0,360.8888888888889,19.11111111111111,0.0,0.0,0.0,0.0,0.0,0.0,0.0
2025-08-01,5.0,2.0,1064.0,456.9230769230769,17.76923076923077,0.0,0.0,0.0,0.0,0.0,0.0,0.0
2025-08-02,1.0,2.0,1064.0,492.5,17.583333333333332,0.0,2.0,0.0,0.0,0.0,0.0,0.0
2025-08-03,2.0,0.0,1064.0,602.375,16.625,0.0,0.0,0.0,0.0,0.0,0.0,0.0
2025-08-04,5.0,0.0,845.0,580.125,15.625,0.0,2.0,1.0,0.0,0.0,0.0,0.0
2025-08-05,3.0,1.0,845.0,584.8,15.1,0.0,2.0,3.0,0.0,0.0,0.0,0.0
2025-08-06,2.0,2.0,845.0,604.7,17.3,0.0,2.0,5.0,0.0,0.0,0.0,6.0
2025-08-07,3.0,3.0,809.0,668.375,20.25,0.0,2.0,5.0,0.0,0.0,0.0,6.0
2025-08-08,7.0,4.0,877.0,663.6666666666666,20.0,0.0,2.0,5.0,0.0,0.0,0.0,6.0
2025-08-09,6.0,3.0,1072.0,709.0,20.8125,0.0,2.0,5.0,0.0,0.0,0.0,0.0
2025-08-10,4.0,2.0,1072.0,669.4705882352941,20.941176470588236,0.0,2.0,6.0,0.0,6.0,2.0,0.0
2025-08-11,4.0,1.0,1072.0,613.9285714285714,23.928571428571427,0.0,4.0,8.0,0.0,0.0,2.0,0.0
2025-08-12,6.0,1.0,989.0,558.5,22.428571428571427,0.0,4.0,10.0,0.0,0.0,2.0,0.0
2025-08-13,4.0,1.0,989.0,566.7857142857143,20.642857142857142,0.0,3.0,10.0,0.0,0.0,0.0,0.0
2025-08-14,2.0,0.0,1014.0,638.4166666666666,17.916666666666668,0.0,1.0,6.0,0.0,0.0,0.0,0.0
2025-08-15,3.0,0.0,1014.0,536.1111111111111,15.777777777777779,0.0,0.0,2.0,0.0,0.0,0.0,0.0
2025-08-16,4.0,0.0,1014.0,586.0,19.333333333333332,0.0,0.0,0.0,0.0,0.0,0.0,0.0
2025-08-17,1.0,0.0,975.0,548.75,19.875,0.0,0.0,0.0,0.0,0.0,0.0,0.0
2025-08-18,1.0,1.0,975.0,620.5,22.666666666666668,0.0,0.0,0.0,0.0,0.0,0.0,0.0
2025-08-19,4.0,1.0,789.0,462.3333333333333,23.666666666666668,0.0,0.0,0.0,0.0,0.0,0.0,0.0
2025-08-20,2.0,1.0,789.0,425.0,22.285714285714285,0.0,1.0,1.0,0.0,0.0,0.0,0.0
2025-08-21,5.0,0.0,1203.0,544.0,24.272727272727273,0.0,0.0,1.0,0.0,0.0,0.0,0.0
2025-08-22,5.0,0.0,1657.0,811.5833333333334,28.583333333333332,0.0,0.0,1.0,0.0,0.0,0.0,0.0
2025-08-23,6.0,0.0,1657.0,811.375,31.25,0.0,1.0,1.0,0.0,0.0,0.0,0.0
2025-08-24,3.0,0.0,1657.0,787.0714285714286,30.928571428571427,0.0,1.0,2.0,0.0,0.0,0.0,0.0
2025-08-25,7.0,0.0,883.0,560.1875,24.125,0.0,1.0,3.0,0.0,0.0,0.0,0.0
2025-08-26,7.0,0.0,883.0,511.94117647058823,21.764705882352942,0.0,4.0,6.0,0.0,0.0,0.0,0.0
2025-08-27,6.0,0.0,896.0,547.75,22.45,0.0,4.0,9.0,0.0,0.0,0.0,0.0
2025-08-28,9.0,0.0,896.0,508.8181818181818,22.545454545454547,0.0,0.0,8.0,0.0,0.0,0.0,0.0
2025-08-29,9.0,1.0,1104.0,542.5,20.291666666666668,0.0,4.0,8.0,0.0,0.0,0.0,0.0
2025-08-30,5.0,1.0,1104.0,525.2608695652174,19.434782608695652,0.0,1.0,5.0,0.0,0.0,0.0,6.0
2025-08-31,7.0,4.0,1303.0,705.8095238095239,20.761904761904763,0.0,3.0,8.0,0.0,0.0,0.0,6.0
2025-09-01,1.0,4.0,1303.0,753.0,21.615384615384617,0.0,0.0,4.0,0.0,0.0,0.0,6.0
2025-09-02,1.0,4.0,1303.0,806.0,20.88888888888889,0.0,0.0,3.0,0.0,0.0,0.0,0.0
2025-09-03,1.0,1.0,511.0,410.0,19.333333333333332,0.0,0.0,0.0,0.0,6.0,2.0,0.0
2025-09-04,1.0,0.0,511.0,412.3333333333333,26.0,0.0,0.0,0.0,0.0,0.0,2.0,0.0
2025-09-05,7.0,2.0,1379.0,621.6666666666666,27.444444444444443,0.0,4.0,1.0,0.0,0.0,2.0,0.0
2025-09-06,4.0,2.0,1379.0,594.1666666666666,24.333333333333332,0.0,1.0,2.0,0.0,0.0,0.0,0.0
2025-09-07,3.0,2.0,1379.0,584.2857142857143,23.285714285714285,0.0,1.0,3.0,0.0,0.0,0.0,5.67
2025-09-08,4.0,0.0,609.0,500.27272727272725,21.545454545454547,0.0,0.0,2.0,0.0,0.0,0.0,5.67
2025-09-09,4.0,0.0,739.0,502.72727272727275,22.727272727272727,0.0,0.0,1.0,0.0,0.0,0.0,5.67
2025-09-10,5.0,0.0,927.0,593.0,25.23076923076923,0.0,1.0,0.0,0.0,0.0,0.0,0.0
2025-09-11,3.0,0.0,927.0,614.1666666666666,23.583333333333332,0.0,1.0,0.0,0.0,5.67,1.89,0.0
2025-09-12,4.0,1.0,927.0,625.0833333333334,22.416666666666668,0.0,2.0,0.0,0.0,0.0,1.89,6.67
2025-09-13,6.0,2.0,889.0,572.2307692307693,17.846153846153847,0.0,0.0,0.0,0.0,0.0,1.89,6.67
2025-09-14,4.0,2.0,1263.0,633.0,16.785714285714285,0.0,0.0,0.0,0.0,0.0,0.0,6.67
2025-09-15,2.0,1.0,1263.0,649.1666666666666,18.416666666666668,0.0,1.0,0.0,0.0,0.0,0.0,0.0
2025-09-16,3.0,0.0,1263.0,659.5555555555555,18.88888888888889,0.0,0.0,0.0,0.0,6.67,2.223333333333333,0.0
2025-09-17,1.0,0.0,898.0,532.6666666666666,23.833333333333332,0.0,0.0,0.0,0.0,0.0,2.223333333333333,0.0
2025-09-18,6.0,0.0,898.0,427.2,20.1,0.0,0.0,0.0,0.0,0.0,2.223333333333333,0.0
2025-09-19,4.0,0.0,512.0,360.6363636363636,20.818181818181817,0.0,0.0,0.0,0.0,0.0,0.0,0.0
2025-09-20,5.0,0.0,528.0,369.8,19.933333333333334,0.0,1.0,1.0,0.0,0.0,0.0,0.0
2025-09-21,3.0,0.0,698.0,416.5,18.75,0.0,0.0,1.0,0.0,0.0,0.0,0.0
2025-09-22,1.0,0.0,698.0,436.22222222222223,17.0,0.0,0.0,1.0,0.0,0.0,0.0,0.0
2025-09-23,5.0,0.0,698.0,476.0,18.11111111111111,0.0,0.0,0.0,0.0,0.0,0.0,0.0
2025-09-24,2.0,0.0,613.0,411.5,21.75,0.0,1.0,1.0,0.0,0.0,0.0,0.0
2025-09-25,6.0,1.0,1019.0,576.4615384615385,17.923076923076923,0.0,2.0,3.0,0.0,0.0,0.0,0.0
2025-09-26,4.0,1.0,1019.0,645.1666666666666,14.333333333333334,0.0,0.0,3.0,0.0,0.0,0.0,0.0
2025-09-27,1.0,1.0,1019.0,691.7272727272727,12.909090909090908,0.0,1.0,3.0,0.0,0.0,0.0,7.33
2025-09-28,6.0,0.0,1213.0,762.0,15.636363636363637,0.0,5.0,4.0,0.0,0.0,0.0,7.33
2025-09-29,5.0,0.0,1237.0,927.6666666666666,17.666666666666668,0.0,3.0,5.0,0.0,0.0,0.0,7.33
2025-09-30,5.0,0.0,1334.0,994.375,16.3125,0.0,7.0,9.0,0.0,0.0,0.0,6.67
2025-10-01,5.0,1.0,1334.0,898.3333333333334,19.4,0.0,3.0,9.0,0.0,7.33,2.4433333333333334,6.67
2025-10-02,4.0,1.0,1334.0,748.0714285714286,22.214285714285715,0.0,2.0,10.0,0.0,6.0,4.443333333333333,0.0
2025-10-03,1.0,1.0,957.0,540.6,28.5,0.0,1.0,6.0,0.0,6.67,6.666666666666667,0.0
2025-10-04,2.0,1.0,815.0,504.42857142857144,31.428571428571427,0.0,2.0,5.0,0.0,0.0,4.223333333333334,0.0
2025-10-05,6.0,2.0,739.0,411.77777777777777,31.666666666666668,0.0,0.0,3.0,0.0,0.0,2.223333333333333,0.0
2025-10-06,4.0,2.0,1058.0,447.8333333333333,29.083333333333332,0.0,0.0,2.0,0.0,0.0,0.0,0.0
2025-10-07,3.0,1.0,1058.0,410.0,24.615384615384617,0.0,0.0,0.0,0.0,0.0,0.0,0.0
2025-10-08,2.0,0.0,1058.0,392.0,25.11111111111111,0.0,0.0,0.0,0.0,0.0,0.0,0.0
2025-10-09,2.0,1.0,438.0,333.7142857142857,20.571428571428573,0.0,0.0,0.0,0.0,0.0,0.0,0.0
2025-10-10,3.0,2.0,416.0,359.0,23.571428571428573,0.0,1.0,1.0,0.0,0.0,0.0,0.0
2025-10-11,0.0,2.0,416.0,377.8,17.2,0.0,0.0,1.0,0.0,0.0,0.0,0.0
2025-10-12,2.0,2.0,449.0,410.0,18.8,0.0,0.0,1.0,0.0,0.0,0.0,0.0
2025-10-13,6.0,2.0,645.0,437.375,27.25,0.0,1.0,0.0,0.0,0.0,0.0,0.0
2025-10-14,4.0,3.0,645.0,441.0,28.333333333333332,0.0,4.0,3.0,0.0,0.0,0.0,0.0
2025-10-15,7.0,2.0,877.0,560.7058823529412,26.58823529411765,0.0,3.0,6.0,0.0,0.0,0.0,6.0
2025-10-16,6.0,2.0,970.0,643.0,25.294117647058822,0.0,5.0,11.0,0.0,0.0,0.0,6.0
2025-10-17,4.0,2.0,1181.0,701.1176470588235,24.176470588235293,0.0,4.0,12.0,0.0,0.0,0.0,6.0
2025-10-18,4.0,2.0,1181.0,625.2142857142857,25.428571428571427,0.0,6.0,15.0,0.0,0.0,0.0,0.0
2025-10-19,7.0,1.0,1181.0,549.0666666666667,25.733333333333334,0.0,5.0,15.0,0.0,6.0,2.0,0.0
2025-10-20,7.0,0.0,797.0,485.77777777777777,25.72222222222222,0.0,2.0,13.0,0.0,0.0,2.0,0.0
2025-10-21,6.0,0.0,676.0,484.9,26.7,0.0,1.0,8.0,0.0,0.0,2.0,0.0
2025-10-22,11.0,0.0,2077.0,596.0,27.916666666666668,0.0,0.0,3.0,0.0,0.0,0.0,0.0
2025-10-23,11.0,0.0,2077.0,692.0357142857143,26.464285714285715,0.0,0.0,1.0,0.0,0.0,0.0,0.0
2025-10-24,8.0,1.0,2077.0,729.1,27.866666666666667,0.0,0.0,0.0,0.0,0.0,0.0,0.0
2025-10-25,6.0,1.0,1795.0,677.6,24.84,0.0,0.0,0.0,0.0,0.0,0.0,0.0
2025-10-26,6.0,1.0,1139.0,616.5,28.35,0.0,0.0,0.0,0.0,0.0,0.0,0.0
2025-10-27,9.0,0.0,1371.0,652.2380952380952,24.571428571428573,0.0,0.0,0.0,0.0,0.0,0.0,0.0
2025-10-28,6.0,0.0,1371.0,682.6666666666666,28.238095238095237,0.0,0.0,0.0,0.0,0.0,0.0,0.0
2025-10-29,2.0,1.0,1371.0,671.7647058823529,25.41176470588235,0.0,0.0,0.0,0.0,0.0,0.0,0.0
2025-10-30,5.0,1.0,1428.0,703.1538461538462,27.692307692307693,0.0,0.0,0.0,0.0,0.0,0.0,0.0
2025-10-31,10.0,1.0,1457.0,767.3529411764706,23.470588235294116,0.0,0.0,0.0,0.0,0.0,0.0,0.0
2025-11-01,10.0,1.0,1457.0,742.96,26.24,0.0,1.0,0.0,0.0,0.0,0.0,0.0
2025-11-02,6.0,2.0,1457.0,723.5769230769231,25.423076923076923,0.0,0.0,0.0,0.0,0.0,0.0,0.0
2025-11-03,4.0,2.0,1190.0,664.75,26.0,0.0,2.0,1.0,0.0,0.0,0.0,6.67
2025-11-04,8.0,1.0,1274.0,726.6111111111111,26.555555555555557,0.0,7.0,6.0,0.0,0.0,0.0,6.67
2025-11-05,6.0,1.0,1274.0,780.5555555555555,30.055555555555557,0.0,5.0,8.0,2.0,0.0,0.0,6.67
2025-11-06,7.0,5.0,1529.0,861.6190476190476,31.61904761904762,0.0,3.0,10.0,2.0,0.0,0.0,6.33
2025-11-07,5.0,5.0,1529.0,898.1111111111111,32.611111111111114,0.0,1.0,6.0,2.0,6.67,2.223333333333333,6.33
2025-11-08,7.0,6.0,1529.0,715.8421052631579,29.63157894736842,0.0,1.0,5.0,0.0,0.0,2.223333333333333,0.0
2025-11-09,1.0,2.0,1033.0,586.2307692307693,30.153846153846153,0.0,0.0,2.0,0.0,6.33,4.333333333333333,8.67
2025-11-10,4.0,3.0,975.0,515.75,25.583333333333332,0.0,1.0,1.0,1.0,0.0,2.11,8.67
2025-11-11,7.0,4.0,1298.0,640.0,27.75,0.0,2.0,1.0,2.0,0.0,2.11,8.67
2025-11-12,3.0,6.0,1856.0,826.7142857142857,29.928571428571427,0.0,2.0,2.0,3.0,0.0,0.0,7.33
2025-11-13,2.0,5.0,1856.0,806.3333333333334,30.583333333333332,0.0,1.0,2.0,2.0,8.67,2.89,0.0
2025-11-14,4.0,3.0,1856.0,845.1111111111111,28.333333333333332,0.0,1.0,1.0,1.0,7.33,5.333333333333333,0.0
2025-11-15,6.0,2.0,1534.0,706.0833333333334,25.333333333333332,0.0,3.0,2.0,1.0,0.0,5.333333333333333,0.0
2025-11-16,5.0,2.0,1534.0,653.3333333333334,24.6,0.0,0.0,2.0,1.0,0.0,2.4433333333333334,0.0
2025-11-17,5.0,1.0,1534.0,694.0625,24.5625,0.0,1.0,3.0,1.0,0.0,0.0,0.0
2025-11-18,7.0,0.0,1360.0,651.0,22.11764705882353,0.0,1.0,1.0,0.0,0.0,0.0,0.0
2025-11-19,5.0,0.0,1360.0,692.4117647058823,22.235294117647058,0.0,0.0,1.0,0.0,0.0,0.0,0.0
2025-11-20,5.0,0.0,1360.0,582.4117647058823,23.235294117647058,0.0,1.0,0.0,0.0,0.0,0.0,0.0
2025-11-21,4.0,0.0,956.0,492.0,27.214285714285715,0.0,0.0,0.0,0.0,0.0,0.0,0.0
2025-11-22,7.0,0.0,1082.0,526.0,27.75,0.0,0.0,0.0,0.0,0.0,0.0,0.0
2025-11-23,2.0,0.0,1082.0,608.9230769230769,26.923076923076923,0.0,1.0,0.0,0.0,0.0,0.0,0.0
2025-11-24,2.0,0.0,1082.0,590.0909090909091,23.90909090909091,0.0,0.0,0.0,0.0,0.0,0.0,0.0
2025-11-25,6.0,0.0,1185.0,581.6,24.3,0.0,0.0,0.0,0.0,0.0,0.0,0.0
2025-11-26,3.0,0.0,1185.0,627.4545454545455,23.636363636363637,0.0,0.0,0.0,0.0,0.0,0.0,0.0
2025-11-27,1.0,0.0,1185.0,688.1,22.4,0.0,0.0,0.0,0.0,0.0,0.0,0.0
2025-11-28,7.0,0.0,1128.0,554.9090909090909,20.272727272727273,0.0,0.0,0.0,0.0,0.0,0.0,0.0
2025-11-29,6.0,0.0,1049.0,508.2142857142857,25.071428571428573,0.0,3.0,2.0,0.0,0.0,0.0,0.0
2025-11-30,12.0,0.0,1932.0,748.44,26.24,0.0,7.0,8.0,0.0,0.0,0.0,6.67
2025-12-01,2.0,0.0,1932.0,843.2,28.05,0.0,1.0,8.0,0.0,0.0,0.0,6.67
2025-12-02,4.0,0.0,1960.0,1044.2222222222222,29.666666666666668,0.0,1.0,6.0,1.0,0.0,0.0,6.67
2025-12-03,2.0,0.0,1960.0,908.0,31.0,0.0,0.0,0.0,1.0,0.0,0.0,0.0
2025-12-04,3.0,0.0,1960.0,841.6666666666666,29.88888888888889,0.0,0.0,0.0,1.0,6.67,2.223333333333333,0.0
2025-12-05,5.0,2.0,651.0,440.5,23.3,0.0,1.0,1.0,0.0,0.0,2.223333333333333,0.0
2025-12-06,4.0,3.0,721.0,510.25,22.166666666666668,0.0,0.0,1.0,0.0,0.0,2.223333333333333,0.0
2025-12-07,3.0,3.0,721.0,493.1666666666667,21.666666666666668,0.0,2.0,3.0,0.0,0.0,0.0,0.0
2025-12-08,5.0,4.0,1148.0,604.4166666666666,24.333333333333332,0.0,1.0,3.0,0.0,0.0,0.0,6.33
2025-12-09,5.0,5.0,1148.0,617.4615384615385,27.076923076923077,0.0,6.0,8.0,1.0,0.0,0.0,6.33
2025-12-10,7.0,7.0,1148.0,626.8823529411765,25.764705882352942,0.0,5.0,11.0,1.0,0.0,0.0,6.33
2025-12-11,4.0,5.0,855.0,546.6875,20.6875,0.0,5.0,15.0,1.0,0.0,0.0,0.0
2025-12-12,7.0,3.0,855.0,459.5,20.11111111111111,0.0,2.0,10.0,0.0,6.33,2.11,0.0
2025-12-13,1.0,1.0,601.0,396.1666666666667,20.416666666666668,0.0,2.0,7.0,0.0,0.0,2.11,0.0
2025-12-14,1.0,0.0,601.0,367.8888888888889,26.0,0.0,1.0,2.0,0.0,0.0,2.11,0.0
2025-12-15,2.0,0.0,1048.0,513.5,31.0,0.0,1.0,2.0,0.0,0.0,0.0,0.0
2025-12-16,1.0,0.0,1048.0,540.25,32.5,0.0,0.0,0.0,0.0,0.0,0.0,0.0
2025-12-17,4.0,0.0,1048.0,533.8571428571429,21.142857142857142,0.0,0.0,0.0,0.0,0.0,0.0,0.0
2025-12-18,5.0,0.0,743.0,469.3,22.7,0.0,0.0,0.0,0.0,0.0,0.0,0.0
2025-12-19,5.0,0.0,743.0,450.64285714285717,22.071428571428573,0.0,0.0,0.0,0.0,0.0,0.0,0.0
2025-12-20,1.0,0.0,833.0,475.45454545454544,23.90909090909091,0.0,1.0,1.0,0.0,0.0,0.0,0.0
2025-12-21,1.0,0.0,833.0,456.7142857142857,23.0,0.0,1.0,2.0,0.0,0.0,0.0,0.0
2025-12-22,0.0,0.0,833.0,552.0,19.0,0.0,1.0,3.0,0.0,0.0,0.0,0.0
2025-12-23,1.0,1.0,408.0,339.5,28.0,0.0,0.0,2.0,0.0,0.0,0.0,0.0
2025-12-24,1.0,1.0,408.0,366.5,28.5,0.0,0.0,1.0,0.0,0.0,0.0,0.0
2025-12-25,1.0,1.0,427.0,386.6666666666667,27.666666666666668,0.0,0.0,0.0,0.0,0.0,0.0,0.0
2025-12-26,1.0,0.0,486.0,412.6666666666667,23.666666666666668,0.0,0.0,0.0,0.0,0.0,0.0,0.0
2025-12-27,3.0,1.0,1053.0,613.6,23.2,0.0,0.0,0.0,0.0,0.0,0.0,0.0
2025-12-28,3.0,1.0,1053.0,584.0,24.285714285714285,0.0,1.0,1.0,0.0,0.0,0.0,0.0
2025-12-29,1.0,1.0,1053.0,631.5714285714286,24.285714285714285,0.0,3.0,4.0,0.0,0.0,0.0,0.0
2025-12-30,5.0,1.0,893.0,483.6666666666667,27.333333333333332,0.0,1.0,5.0,0.0,0.0,0.0,0.0
2025-12-31,6.0,3.0,967.0,551.9166666666666,26.25,0.0,3.0,4.0,0.0,0.0,0.0,0.0
2026-01-01,5.0,7.0,967.0,586.9375,28.6875,0.0,1.0,2.0,0.0,0.0,0.0,0.0
2026-01-02,2.0,6.0,967.0,616.2307692307693,27.076923076923077,0.0,2.0,1.0,0.0,0.0,0.0,0.0
2026-01-03,4.0,6.0,1341.0,651.8181818181819,31.90909090909091,0.0,0.0,1.0,0.0,0.0,0.0,0.0
2026-01-04,2.0,2.0,1341.0,540.125,27.375,0.0,0.0,0.0,0.0,0.0,0.0,0.0
2026-01-05,3.0,2.0,1341.0,572.0,24.555555555555557,0.0,0.0,0.0,0.0,0.0,0.0,0.0
2026-01-06,3.0,0.0,661.0,466.875,17.375,0.0,0.0,0.0,0.0,0.0,0.0,0.0
2026-01-07,4.0,3.0,895.0,557.8,17.5,0.0,2.0,0.0,0.0,0.0,0.0,6.0
2026-01-08,5.0,5.0,895.0,604.1666666666666,19.166666666666668,0.0,2.0,0.0,0.0,0.0,0.0,6.0
2026-01-09,8.0,8.0,1539.0,817.7647058823529,27.058823529411764,0.0,3.0,0.0,0.0,0.0,0.0,6.0
2026-01-10,4.0,6.0,1539.0,770.9411764705883,28.647058823529413,0.0,0.0,0.0,0.0,0.0,0.0,5.67
2026-01-11,3.0,4.0,1539.0,825.3333333333334,27.866666666666667,0.0,1.0,0.0,0.0,6.0,2.0,0.0
2026-01-12,3.0,2.0,1118.0,607.0,18.7,0.0,1.0,1.0,0.0,5.67,3.89,0.0
2026-01-13,6.0,1.0,1608.0,816.0833333333334,23.0,0.0,0.0,1.0,0.0,0.0,3.89,0.0
2026-01-14,1.0,1.0,1608.0,758.0,27.0,0.0,0.0,1.0,0.0,0.0,1.89,0.0
2026-01-15,5.0,1.0,1608.0,712.8333333333334,25.666666666666668,0.0,2.0,1.0,0.0,0.0,0.0,0.0
2026-01-16,5.0,2.0,998.0,583.3636363636364,27.0,0.0,0.0,1.0,0.0,0.0,0.0,8.33
2026-01-17,2.0,2.0,998.0,613.0833333333334,25.25,0.0,1.0,1.0,0.0,0.0,0.0,8.67
2026-01-18,6.0,1.0,1273.0,642.2307692307693,25.615384615384617,0.0,3.0,2.0,0.0,0.0,0.0,8.67
2026-01-19,5.0,4.0,1820.0,782.1538461538462,23.384615384615383,0.0,1.0,2.0,1.0,0.0,0.0,8.67
2026-01-20,6.0,4.0,1820.0,678.8235294117648,22.529411764705884,0.0,1.0,3.0,1.0,8.33,2.776666666666667,7.67
2026-01-21,3.0,5.0,1820.0,640.7857142857143,20.642857142857142,0.0,1.0,1.0,1.0,8.67,5.666666666666667,0.0
2026-01-22,2.0,1.0,541.0,392.90909090909093,17.454545454545453,0.0,2.0,3.0,0.0,7.67,8.223333333333334,0.0
2026-01-23,6.0,2.0,881.0,450.0,14.272727272727273,0.0,0.0,2.0,0.0,0.0,5.446666666666666,0.0
2026-01-24,3.0,3.0,1184.0,570.7272727272727,16.545454545454547,0.0,0.0,2.0,0.0,0.0,2.5566666666666666,0.0
2026-01-25,7.0,3.0,1243.0,676.3125,21.25,0.0,0.0,0.0,0.0,0.0,0.0,0.0
2026-01-26,4.0,3.0,1243.0,655.2857142857143,22.642857142857142,0.0,3.0,0.0,0.0,0.0,0.0,0.0
2026-01-27,4.0,1.0,1243.0,616.0,23.333333333333332,0.0,0.0,0.0,0.0,0.0,0.0,0.0
2026-01-28,3.0,1.0,856.0,498.27272727272725,19.545454545454547,0.0,1.0,0.0,0.0,0.0,0.0,0.0
2026-01-29,3.0,0.0,856.0,569.4,20.7,0.0,0.0,0.0,0.0,0.0,0.0,0.0
2026-01-30,5.0,1.0,1084.0,515.9090909090909,18.363636363636363,0.0,1.0,0.0,0.0,0.0,0.0,0.0
2026-01-31,2.0,1.0,1084.0,513.3,18.4,0.0,0.0,0.0,0.0,0.0,0.0,0.0
2026-02-01,3.0,2.0,1084.0,534.1,21.9,0.0,2.0,0.0,0.0,0.0,0.0,0.0
2026-02-02,4.0,2.0,1027.0,480.1111111111111,24.88888888888889,0.0,22.0,20.0,2.0,0.0,0.0,0.0
2026-02-03,3.0,5.0,1027.0,484.1,25.9,0.0,17.0,35.0,4.0,0.0,0.0,0.0
2026-02-04,2.0,5.0,601.0,441.8888888888889,24.444444444444443,0.0,14.0,48.0,5.0,0.0,0.0,0.0
2026-02-05,4.0,6.0,856.0,519.6666666666666,22.77777777777778,0.0,13.0,40.0,4.0,0.0,0.0,0.0
2026-02-06,7.0,4.0,944.0,584.4615384615385,20.153846153846153,0.0,13.0,37.0,2.0,0.0,0.0,0.0
2026-02-07,3.0,3.0,944.0,586.4285714285714,23.142857142857142,0.0,0.0,24.0,1.0,0.0,0.0,0.0
2026-02-08,3.0,1.0,944.0,551.2307692307693,24.53846153846154,0.0,0.0,12.0,0.0,0.0,0.0,0.0
2026-02-09,4.0,1.0,942.0,564.3,28.0,0.0,3.0,3.0,0.0,0.0,0.0,0.0
2026-02-10,3.0,1.0,942.0,518.8,21.6,0.0,2.0,4.0,0.0,0.0,0.0,0.0
2026-02-11,2.0,1.0,942.0,557.8888888888889,17.666666666666668,0.0,1.0,5.0,0.0,0.0,0.0,0.0
2026-02-12,3.0,0.0,727.0,474.25,13.125,0.0,3.0,5.0,0.0,0.0,0.0,0.0
2026-02-13,4.0,0.0,900.0,508.1111111111111,13.555555555555555,0.0,1.0,5.0,0.0,0.0,0.0,6.0
2026-02-14,4.0,0.0,900.0,513.7272727272727,17.90909090909091,0.0,1.0,5.0,0.0,0.0,0.0,6.0
2026-02-15,2.0,0.0,900.0,516.9,17.0,0.0,0.0,2.0,0.0,0.0,0.0,6.0
2026-02-16,1.0,0.0,1056.0,596.0,20.285714285714285,0.0,0.0,1.0,0.0,0.0,0.0,0.0
2026-02-17,8.0,2.0,1556.0,748.5454545454545,28.545454545454547,0.0,2.0,1.0,0.0,6.0,2.0,0.0
2026-02-18,2.0,2.0,1556.0,719.7272727272727,30.181818181818183,0.0,0.0,1.0,0.0,0.0,2.0,0.0
2026-02-19,9.0,2.0,1556.0,605.2631578947369,27.210526315789473,0.0,1.0,1.0,0.0,0.0,2.0,0.0
2026-02-20,1.0,0.0,1033.0,476.8333333333333,21.666666666666668,0.0,0.0,0.0,0.0,0.0,0.0,0.0
2026-02-21,0.0,0.0,1033.0,504.7,22.1,0.0,0.0,0.0,0.0,0.0,0.0,0.0
2026-02-22,0.0,0.0,408.0,408.0,10.0,0.0,0.0,0.0,0.0,0.0,0.0,0.0
2026-02-23,1.0,0.0,828.0,828.0,28.0,0.0,1.0,0.0,0.0,0.0,0.0,0.0
2026-02-24,3.0,0.0,828.0,653.5,26.0,0.0,0.0,0.0,0.0,0.0,0.0,0.0
2026-02-25,5.0,0.0,828.0,529.8888888888889,20.666666666666668,0.0,0.0,0.0,0.0,0.0,0.0,0.0
2026-02-26,4.0,1.0,711.0,479.6666666666667,20.666666666666668,0.0,2.0,1.0,0.0,0.0,0.0,0.0
2026-02-27,2.0,1.0,711.0,421.3636363636364,20.818181818181817,0.0,0.0,1.0,0.0,0.0,0.0,0.0
2026-02-28,2.0,1.0,711.0,434.375,26.0,0.0,0.0,1.0,0.0,0.0,0.0,0.0
2026-03-01,1.0,0.0,702.0,398.0,29.4,0.0,0.0,0.0,0.0,0.0,0.0,0.0
2026-03-02,6.0,0.0,702.0,425.6666666666667,25.88888888888889,0.0,3.0,0.0,0.0,0.0,0.0,0.0
2026-03-03,5.0,0.0,662.0,408.1666666666667,24.916666666666668,0.0,0.0,0.0,0.0,0.0,0.0,0.0
2026-03-04,3.0,0.0,1301.0,553.1428571428571,26.285714285714285,0.0,0.0,0.0,0.0,0.0,0.0,0.0
2026-03-05,3.0,0.0,1301.0,562.3636363636364,26.09090909090909,0.0,0.0,0.0,0.0,0.0,0.0,0.0
2026-03-06,2.0,0.0,1301.0,615.75,26.75,0.0,0.0,0.0,0.0,0.0,0.0,0.0
2026-03-07,3.0,0.0,536.0,379.75,20.5,0.0,0.0,0.0,0.0,0.0,0.0,0.0
2026-03-08,1.0,0.0,536.0,416.0,23.166666666666668,0.0,0.0,0.0,0.0,0.0,0.0,0.0
2026-03-09,2.0,1.0,767.0,494.0,18.833333333333332,0.0,1.0,0.0,0.0,0.0,0.0,0.0
2026-03-10,1.0,1.0,767.0,560.25,20.0,0.0,0.0,0.0,0.0,0.0,0.0,0.0
2026-03-11,3.0,1.0,767.0,564.1666666666666,16.5,0.0,1.0,0.0,0.0,0.0,0.0,6.0
2026-03-12,2.0,0.0,598.0,479.6666666666667,20.5,0.0,0.0,0.0,0.0,0.0,0.0,6.0
2026-03-13,1.0,0.0,783.0,516.0,20.833333333333332,0.0,0.0,0.0,0.0,0.0,0.0,6.0
2026-03-14,3.0,0.0,783.0,485.6666666666667,26.5,0.0,2.0,1.0,0.0,0.0,0.0,0.0
2026-03-15,9.0,0.0,783.0,445.0,18.307692307692307,0.0,0.0,1.0,0.0,6.0,2.0,0.0
2026-03-16,1.0,1.0,686.0,405.9230769230769,18.0,0.0,1.0,2.0,0.0,0.0,2.0,0.0
2026-03-17,3.0,2.0,728.0,423.0769230769231,18.846153846153847,0.0,1.0,2.0,0.0,0.0,2.0,5.67
2026-03-18,7.0,7.0,728.0,441.1818181818182,20.363636363636363,0.0,1.0,3.0,0.0,0.0,0.0,7.0
2026-03-19,3.0,7.0,731.0,459.38461538461536,21.0,0.0,1.0,3.0,0.0,0.0,0.0,7.0
2026-03-20,3.0,6.0,731.0,418.9230769230769,17.923076923076923,0.0,0.0,2.0,0.0,0.0,0.0,7.0
2026-03-21,6.0,1.0,1095.0,471.0,23.666666666666668,0.0,0.0,1.0,0.0,5.67,1.89,6.67
2026-03-22,2.0,0.0,1095.0,477.54545454545456,22.636363636363637,0.0,0.0,0.0,0.0,7.0,4.223333333333334,6.33
2026-03-23,5.0,2.0,1095.0,505.7692307692308,27.846153846153847,0.0,2.0,0.0,0.0,6.67,6.446666666666666,0.0
2026-03-24,4.0,2.0,863.0,532.6363636363636,30.636363636363637,0.0,0.0,0.0,0.0,6.33,6.666666666666667,0.0
2026-03-25,1.0,2.0,863.0,526.2,32.0,0.0,2.0,0.0,0.0,0.0,4.333333333333333,0.0
2026-03-26,8.0,0.0,1208.0,536.7692307692307,24.153846153846153,0.0,0.0,0.0,0.0,0.0,2.11,0.0
2026-03-27,6.0,1.0,1208.0,479.26666666666665,23.0,0.0,1.0,1.0,0.0,0.0,0.0,0.0
2026-03-28,3.0,1.0,1208.0,498.47058823529414,24.058823529411764,0.0,0.0,1.0,0.0,0.0,0.0,0.0
2026-03-29,5.0,2.0,926.0,544.6428571428571,25.142857142857142,0.0,2.0,2.0,0.0,0.0,0.0,0.0
2026-03-30,4.0,2.0,926.0,564.0,18.916666666666668,0.0,0.0,1.0,0.0,0.0,0.0,5.67
2026-03-31,5.0,5.0,1719.0,779.4285714285714,20.928571428571427,0.0,1.0,1.0,1.0,0.0,0.0,6.67
2026-04-01,6.0,8.0,1719.0,761.4,18.466666666666665,0.0,2.0,0.0,1.0,0.0,0.0,6.67
2026-04-02,8.0,12.0,1719.0,713.8947368421053,18.57894736842105,0.0,2.0,0.0,1.0,0.0,0.0,6.67
2026-04-03,11.0,15.0,1220.0,569.2,19.0,0.0,1.0,1.0,0.0,5.67,1.89,5.67
2026-04-04,1.0,11.0,1220.0,540.05,20.3,0.0,2.0,3.0,0.0,6.67,4.113333333333333,0.0
2026-04-05,1.0,7.0,1220.0,563.7692307692307,23.307692307692307,0.0,4.0,7.0,0.0,5.67,6.003333333333333,0.0
2026-04-06,0.0,1.0,502.0,418.0,20.5,0.0,0.0,6.0,0.0,0.0,4.113333333333333,0.0
2026-04-07,0.0,1.0,502.0,502.0,15.0,0.0,0.0,4.0,0.0,0.0,1.89,0.0
2026-04-08,0.0,0.0,0.0,0.0,0.0,0.0,1.0,0.0,0.0,0.0,0.0,0.0
2026-04-09,5.0,0.0,431.0,358.4,28.6,0.0,0.0,0.0,0.0,0.0,0.0,0.0
2026-04-10,2.0,1.0,431.0,362.0,24.857142857142858,0.0,1.0,1.0,0.0,0.0,0.0,0.0
2026-04-11,4.0,1.0,763.0,402.90909090909093,21.545454545454547,0.0,0.0,1.0,0.0,0.0,0.0,0.0
2026-04-12,1.0,1.0,763.0,421.2857142857143,14.857142857142858,0.0,0.0,1.0,0.0,0.0,0.0,0.0
2026-04-13,3.0,1.0,763.0,439.125,13.625,0.0,0.0,0.0,0.0,0.0,0.0,0.0
2026-04-14,3.0,1.0,1065.0,568.5714285714286,14.428571428571429,0.0,0.0,0.0,0.0,0.0,0.0,0.0
2026-04-15,4.0,1.0,1065.0,497.4,18.2,0.0,0.0,0.0,0.0,0.0,0.0,5.67
2026-04-16,7.0,0.0,1065.0,569.4285714285714,24.0,0.0,0.0,0.0,0.0,0.0,0.0,5.67
2026-04-17,4.0,1.0,914.0,506.06666666666666,24.666666666666668,0.0,0.0,0.0,0.0,0.0,0.0,5.67
2026-04-18,4.0,1.0,914.0,501.53333333333336,24.866666666666667,0.0,0.0,0.0,0.0,0.0,0.0,5.67
2026-04-19,2.0,1.0,677.0,390.2,21.9,0.0,0.0,0.0,0.0,5.67,1.89,0.0
2026-04-20,1.0,1.0,709.0,375.2857142857143,20.857142857142858,0.0,0.0,0.0,0.0,5.67,3.78,0.0
2026-04-21,0.0,1.0,709.0,464.0,17.333333333333332,0.0,0.0,0.0,0.0,0.0,3.78,0.0
2026-04-22,6.0,1.0,751.0,477.85714285714283,20.285714285714285,0.0,0.0,0.0,0.0,0.0,1.89,0.0
2026-04-23,0.0,0.0,751.0,439.3333333333333,21.0,0.0,0.0,0.0,0.0,0.0,0.0,0.0
2026-04-24,9.0,3.0,1046.0,619.1333333333333,24.933333333333334,0.0,6.0,6.0,0.0,0.0,0.0,0.0
2026-04-25,7.0,5.0,1744.0,819.0,28.875,0.0,5.0,9.0,2.0,0.0,0.0,0.0
